0.9,1,1,0.9,1,1,1,1,0.9,1,0.81818,1,1,0.90909,1,0.9,0.81818,0.9,1,0.9
1,1,1,1,1,1,1,1,1,1,1,1,1,1,1,1,1,1,1,0.90909
1,1,1,0.90909,1,1,0.83333,1,0.90909,0.83333,1,1,0.90909,0.76923,0.90909,0.83333,0.76923,0.66667,0.83333,0.58824
1,1,1,1,1,1,1,1,1,1,0.90909,1,1,1,1,1,0.90909,0.83333,1,0.90909
0.5,0.9,1,1,0.7,0.9,1,0.9,1,1,1,1,0.9,0.9,0.9,1,1,0.81818,0.81818,0.90909
0.9,1,0.9,0.9,0.9,0.9,0.9,0.9,0.9,1,0.9,1,0.9,1,0.9,1,1,1,0.9,1
1,1,1,1,1,1,1,1,0.81818,1,1,1,0.90909,1,1,0.90909,1,0.9,0.90909,0.76923
1,1,1,1,1,1,0.76923,0.76923,0.71429,0.83333,1,0.83333,0.58824,0.83333,0.76923,0.71429,0.76923,0.58824,0.83333,0.52632
1,1,1,1,1,0.90909,1,1,0.90909,0.90909,1,1,0.83333,0.90909,0.71429,0.75,0.76923,0.58824,0.71429,0.58824
1,1,1,0.76923,1,0.90909,1,0.90909,1,0.90909,0.76923,0.625,1,0.71429,0.71429,0.66667,0.66667,0.47619,0.47619,0.47619
1,1,1,1,1,1,1,1,1,0.9,1,1,1,1,1,1,1,1,1,1
1,1,1,1,1,1,1,1,1,1,1,1,1,1,0.90909,0.90909,1,1,0.90909,1
1,1,1,1,1,1,1,1,1,1,1,1,1,1,1,1,1,1,0.90909,1
1,1,1,1,1,1,0.71429,0.90909,1,0.90909,0.83333,0.83333,1,0.90909,0.90909,0.76923,0.90909,0.76923,0.83333,0.71429
0.8,0.9,1,1,1,1,0.8,0.9,0.8,1,1,1,1,0.9,1,1,1,1,1,0.9
1,1,1,1,1,0.90909,0.83333,0.76923,0.5,0.58824,0.52632,0.43478,0.45455,0.30303,0.28571,0.26316,0.2439,0.2381,0.26316,0.22727
1,1,1,1,1,1,1,1,1,1,1,1,1,0.90909,1,0.90909,1,1,0.90909,1
1,1,1,1,1,1,1,1,1,1,1,1,1,1,1,1,1,1,1,1
1,1,1,1,1,1,1,1,0.90909,1,1,1,0.83333,1,0.76923,0.76923,0.83333,0.76923,0.90909,0.71429
0.9,0.9,0.9,0.9,0.9,0.9,0.9,0.9,0.9,0.9,0.9,0.9,0.9,0.9,0.90909,1,0.9,0.9,0.81818,0.81818
1,1,1,1,1,1,1,1,1,1,1,1,1,1,1,1,0.90909,1,1,0.83333
1,1,1,1,1,1,1,0.90909,1,1,1,0.90909,1,1,0.90909,0.90909,0.76923,0.71429,0.76923,0.83333
1,1,0.9,1,1,1,1,1,1,0.90909,1,0.90909,0.90909,1,1,1,0.83333,0.83333,0.90909,0.83333
1,1,1,1,1,1,1,1,1,1,1,1,0.83333,0.90909,1,1,0.83333,0.83333,0.83333,0.52632
1,1,0.90909,0.90909,0.90909,0.83333,0.625,0.58824,0.625,0.4,0.32258,0.34483,0.32258,0.25,0.25,0.32258,0.20408,0.2381,0.21739,0.25
0.9,0.9,0.9,0.9,0.9,0.9,0.9,0.75,0.9,0.9,0.9,0.9,1,0.75,0.9,0.81818,0.75,0.75,0.71429,0.71429
1,1,1,1,1,1,1,1,1,1,1,1,0.83333,0.76923,1,0.90909,0.83333,0.83333,0.71429,0.66667
1,1,1,1,1,1,0.9,1,1,1,1,1,0.90909,1,1,1,1,1,1,0.90909
1,1,1,1,1,1,1,1,1,1,1,1,1,1,1,1,1,1,1,1
1,1,1,1,1,1,1,1,1,1,1,1,1,1,1,0.90909,1,1,1,1
1,1,1,0.90909,0.83333,1,1,0.90909,0.83333,0.90909,0.90909,0.76923,0.83333,0.76923,0.71429,0.76923,0.66667,0.55556,0.76923,0.5
1,1,1,1,1,1,1,1,1,1,1,1,1,1,1,1,1,0.90909,1,1
0,0,0,0,0,0,0,0,0,0,0,0,0,0,0,0,0,0,0,0
1,1,1,1,1,1,1,1,1,1,1,1,1,1,1,1,1,1,1,1
1,1,1,1,1,1,1,1,1,1,1,1,1,1,1,1,1,1,1,1
1,1,1,0.90909,1,0.90909,1,0.90909,0.90909,0.90909,1,1,0.71429,0.83333,0.76923,0.76923,0.76923,0.83333,0.83333,0.76923
1,1,1,1,1,1,0.90909,0.90909,0.90909,0.83333,1,1,0.76923,0.76923,0.71429,0.83333,0.71429,0.625,0.55556,0.55556
0.8,0.9,0.9,1,1,0.90909,1,1,1,1,1,1,1,1,0.90909,1,0.90909,1,1,1
1,1,0.83333,0.90909,1,1,0.90909,0.90909,0.83333,0.83333,0.83333,0.83333,0.625,0.71429,0.66667,0.58824,0.71429,0.43478,0.5,0.58824
0.9,0.9,0.9,0.9,0.9,0.9,0.9,0.9,0.9,0.81818,0.9,0.81818,0.9,0.9,1,0.9,0.81818,0.9,0.81818,0.90909
1,1,1,1,0.90909,1,1,1,0.90909,1,0.83333,0.83333,0.76923,0.71429,0.625,0.66667,0.52632,0.625,0.41667,0.4
1,1,1,1,1,1,1,0.90909,1,1,0.90909,0.90909,0.90909,0.90909,0.83333,0.90909,0.90909,0.83333,0.83333,0.76923
1,1,1,1,1,1,1,1,1,1,1,1,0.90909,1,1,0.9,1,1,0.90909,0.90909
1,1,1,1,1,1,1,1,1,1,1,1,1,0.90909,0.76923,0.90909,0.66667,0.58824,0.64286,0.71429
1,1,1,1,0.83333,0.83333,0.76923,0.90909,0.52632,0.4,0.55556,0.33333,0.41667,0.3125,0.27778,0.27778,0.26316,0.23256,0.21277,0.19608
1,1,1,1,1,1,1,1,1,1,1,0.90909,1,1,1,1,1,1,0.90909,1
1,1,1,1,1,0.90909,1,1,1,0.83333,0.90909,1,0.83333,0.66667,0.76923,0.90909,0.76923,0.90909,0.83333,0.58824
1,1,0.90909,0.90909,1,1,1,1,0.90909,1,1,0.66667,0.66667,0.71429,0.625,0.52632,0.76923,0.43478,0.5,0.5
1,1,1,1,1,1,0.90909,0.90909,0.76923,0.90909,0.76923,0.5,0.55556,0.37037,0.43478,0.37037,0.38462,0.35714,0.4,0.32258
1,1,1,1,1,1,1,1,0.90909,0.90909,0.90909,1,0.90909,1,0.90909,0.83333,0.90909,0.90909,1,1
1,1,1,1,1,1,1,1,0.90909,1,0.76923,1,0.66667,0.90909,0.58824,0.76923,0.55556,0.5,0.47619,0.5
1,1,1,1,1,1,1,1,1,1,1,0.90909,1,0.90909,1,0.90909,0.83333,0.83333,0.90909,0.90909
1,1,1,1,1,1,1,1,1,0.90909,1,0.83333,0.83333,0.90909,0.71429,0.625,0.625,0.66667,0.58824,0.43478
1,1,1,1,1,1,1,1,1,1,1,1,0.90909,0.90909,0.83333,0.83333,0.76923,0.71429,0.83333,0.66667
1,1,1,1,1,1,0.90909,0.90909,1,0.90909,0.83333,0.76923,1,0.90909,0.83333,0.76923,0.66667,0.76923,0.55556,0.66667
1,1,1,1,1,1,1,1,1,1,1,1,1,1,1,1,1,1,0.90909,0.90909
1,1,1,1,0.90909,1,0.90909,1,1,0.83333,0.76923,0.66667,0.90909,1,0.83333,1,0.71429,0.58824,0.71429,0.625
1,1,1,1,1,1,1,1,0.90909,1,1,1,0.76923,0.90909,0.90909,1,0.83333,0.90909,0.90909,0.76923
1,1,1,1,0.83333,0.76923,1,1,0.71429,0.90909,1,0.76923,0.90909,0.90909,0.90909,0.76923,0.90909,0.76923,0.83333,0.76923
1,1,1,1,1,1,0.90909,1,1,0.90909,1,0.83333,1,1,1,0.9,1,0.90909,0.83333,1
1,1,1,1,1,1,0.90909,1,0.76923,0.76923,0.83333,0.625,0.52632,0.66667,0.45455,0.47619,0.43478,0.43478,0.3125,0.3125
1,1,1,1,1,1,1,1,1,1,1,1,1,1,1,1,1,1,1,1
1,1,1,1,1,1,1,1,1,1,0.90909,1,1,1,1,1,1,1,0.83333,1
1,1,1,1,1,1,1,0.83333,0.76923,0.90909,1,0.90909,0.83333,0.76923,0.83333,0.90909,0.625,0.66667,0.52632,0.41667
1,1,1,1,1,1,1,1,1,1,1,1,1,1,1,0.90909,0.83333,0.90909,1,0.90909
1,1,1,1,1,1,0.90909,1,1,1,0.90909,0.90909,0.83333,0.76923,1,0.76923,0.90909,0.71429,0.90909,0.58824
1,1,1,1,1,1,0.83333,0.90909,0.76923,0.83333,0.45455,0.52632,0.625,0.47619,0.47619,0.38462,0.47619,0.32258,0.38462,0.35714
1,1,0.9,1,1,1,1,1,1,1,1,1,1,1,1,1,1,0.90909,1,0.90909
1,0.9,0.9,0.9,0.9,0.9,0.9,0.9,0.9,0.9,0.9,0.9,0.75,1,1,0.9,0.83333,0.75,0.90909,0.75
1,1,1,1,0.90909,0.83333,1,0.76923,1,0.76923,0.76923,0.83333,0.90909,0.83333,0.71429,0.76923,0.66667,0.58824,0.5,0.58824
1,1,1,1,0.83333,0.90909,0.90909,0.90909,0.90909,0.83333,0.90909,0.90909,0.71429,0.90909,0.76923,0.83333,0.76923,0.66667,0.625,0.625
1,1,1,0.90909,1,0.90909,0.83333,0.90909,0.90909,1,0.90909,0.83333,1,1,0.90909,0.66667,0.83333,0.55556,0.83333,0.76923
1,1,1,1,1,1,1,1,1,1,1,0.90909,1,1,1,1,0.83333,1,0.90909,0.90909
1,1,1,1,1,1,0.83333,0.90909,1,0.90909,0.90909,0.90909,1,0.625,0.90909,0.66667,1,0.58824,0.83333,0.625
1,1,1,1,1,1,0.90909,1,1,0.90909,0.76923,1,0.90909,0.76923,0.90909,0.83333,0.66667,0.76923,0.76923,0.71429
1,1,1,1,1,1,1,1,1,1,1,1,1,1,0.90909,0.90909,0.90909,0.83333,1,0.90909
0.9,0.9,0.9,1,1,1,0.9,1,1,1,1,1,1,0.90909,1,1,0.90909,0.9,0.9,0.9
1,1,1,1,1,0.90909,1,0.90909,0.90909,1,0.90909,0.90909,0.90909,0.76923,0.83333,0.90909,0.76923,0.76923,0.52632,0.83333
1,1,0.9,1,0.9,0.9,0.9,0.75,0.81818,0.69231,0.75,0.9,0.81818,0.69231,0.75,0.83333,0.76923,0.69231,0.69231,0.64286
1,1,1,1,1,1,1,1,1,1,1,1,1,1,1,1,1,0.90909,1,1
1,1,1,1,1,1,1,1,1,1,1,0.90909,1,1,1,1,0.83333,0.83333,1,0.90909
1,1,1,1,1,1,1,1,1,1,1,1,1,1,1,0.90909,1,0.90909,0.90909,1
1,1,1,1,0.90909,0.90909,0.625,0.71429,0.47619,0.47619,0.41667,0.38462,0.29412,0.27027,0.27778,0.22727,0.27027,0.25641,0.22222,0.25
1,1,0.90909,1,1,1,0.90909,1,0.83333,1,0.71429,1,0.76923,0.66667,0.52632,0.625,0.5,0.47619,0.41667,0.47619
1,1,1,1,0.90909,1,0.90909,1,0.90909,1,0.90909,0.83333,0.83333,0.76923,1,0.90909,0.83333,0.71429,0.71429,0.76923
1,1,1,1,1,1,1,1,1,1,1,1,0.83333,0.90909,1,1,1,0.76923,0.83333,0.66667
1,1,1,1,1,1,1,1,1,0.90909,1,1,1,0.83333,0.90909,0.76923,0.83333,1,0.76923,0.76923
1,1,1,1,1,1,1,1,1,0.90909,1,1,1,1,0.90909,1,1,0.83333,1,1
1,1,1,1,1,1,1,0.83333,1,1,0.90909,0.90909,1,0.90909,0.90909,0.83333,0.83333,0.90909,0.76923,1
1,1,1,1,0.90909,1,1,1,0.83333,1,0.76923,0.76923,0.71429,0.90909,0.83333,0.71429,0.76923,0.66667,0.58824,0.71429
1,1,0.83333,0.83333,1,1,1,0.83333,0.71429,0.83333,0.83333,0.90909,0.90909,0.55556,0.71429,0.71429,0.58824,0.66667,0.5625,0.52632
1,1,1,1,0.90909,1,1,0.83333,0.83333,0.90909,0.90909,1,1,1,0.90909,0.83333,0.66667,0.76923,0.83333,0.58824
1,1,1,1,1,1,1,1,1,1,1,0.90909,1,1,0.90909,1,0.90909,0.76923,0.90909,0.90909
1,1,1,1,1,1,1,1,1,1,1,0.90909,1,1,1,1,1,0.90909,0.81818,0.90909
1,1,1,0.90909,1,1,1,0.83333,1,0.71429,0.90909,0.76923,0.76923,0.71429,0.58824,0.52632,0.71429,0.5,0.41667,0.43478
1,1,1,1,1,1,1,0.90909,0.90909,0.90909,0.90909,0.83333,0.90909,1,0.83333,0.83333,0.66667,0.71429,0.71429,0.66667
1,0.9,1,1,1,1,0.9,1,1,1,0.9,1,1,0.9,1,0.9,1,1,1,0.9
0.5,0.8,1,0.9,1,1,1,0.8,0.9,0.9,0.9,0.9,0.9,1,1,1,0.8,0.9,1,1
0.9,0.9,0.8,0.9,0.9,0.9,1,0.9,0.9,0.9,0.9,0.9,0.8,1,1,1,0.8,0.9,0.8,0.81818
1,1,1,1,1,1,1,1,1,1,1,0.90909,0.90909,0.90909,1,0.83333,1,0.83333,0.90909,1
1,1,1,1,1,1,1,0.90909,1,1,0.90909,1,0.83333,1,0.90909,0.66667,0.90909,0.71429,0.83333,0.71429
1,1,1,1,1,1,1,0.90909,1,1,1,0.90909,0.90909,0.90909,0.90909,1,0.66667,0.90909,0.76923,0.625
1,1,1,1,1,1,1,0.90909,0.90909,1,1,1,1,1,0.90909,0.83333,1,0.83333,0.90909,0.69231
1,1,1,1,0.90909,1,1,0.83333,1,1,0.83333,1,0.90909,0.90909,0.83333,0.90909,0.90909,0.66667,0.625,0.625
1,1,1,1,1,1,1,0.90909,0.83333,0.83333,0.625,0.55556,0.5,0.47619,0.41667,0.47619,0.43478,0.33333,0.30303,0.35714
0.9,0.9,0.9,0.9,0.9,0.75,0.81818,0.90909,0.83333,0.81818,0.69231,0.75,0.69231,0.52941,0.66667,0.45,0.5,0.3913,0.33333,0.36
1,1,1,1,1,0.90909,1,0.90909,1,0.90909,0.90909,0.76923,0.90909,0.58824,0.71429,0.55556,0.58824,0.43478,0.55556,0.47619
1,1,1,0.9,1,1,0.9,1,1,1,1,1,1,1,1,1,1,1,1,1
1,1,1,1,1,1,1,1,1,1,1,1,1,1,1,1,1,1,1,1
1,1,1,1,1,1,0.66667,0.71429,0.41667,0.58824,0.41667,0.45455,0.35714,0.29412,0.26316,0.28571,0.22222,0.33333,0.22222,0.23256
0,0,0,0,0,0,0,0,0,0,0,0,0,0,0,0,0,0,0,0
1,1,1,1,1,1,0.9,1,1,1,1,1,0.9,1,1,1,1,1,1,1
0.9,1,1,1,1,0.9,1,1,1,1,1,1,1,1,0.90909,1,1,1,1,0.90909
1,1,1,1,1,0.76923,1,0.83333,0.66667,0.71429,0.625,0.5,0.4,0.38462,0.30303,0.27778,0.29412,0.22222,0.25,0.26316
1,1,0.90909,1,1,0.90909,1,0.90909,0.69231,0.71429,0.90909,0.90909,0.625,0.66667,0.625,0.58824,0.38462,0.4,0.45,0.30303
0,0,0,0,0,0,0,0,0,0,0,0,0,0,0,0,0,0,0,0
1,1,1,1,0.83333,1,0.90909,0.90909,0.83333,1,1,0.90909,0.76923,0.66667,0.90909,0.76923,0.66667,0.76923,0.76923,0.625
1,1,1,1,1,1,1,1,1,1,1,0.83333,0.90909,0.90909,0.90909,0.83333,0.90909,0.76923,0.90909,1
0.9,1,1,1,1,1,1,1,1,1,1,1,1,1,1,1,1,0.90909,0.90909,1
1,1,1,1,1,0.90909,1,1,1,1,1,1,1,0.90909,0.90909,0.83333,1,0.90909,0.90909,0.76923
1,1,1,1,1,1,1,0.90909,1,0.90909,1,0.90909,0.90909,0.83333,1,0.90909,0.90909,0.76923,0.83333,0.71429
1,1,1,1,1,1,1,1,1,1,0.90909,0.90909,0.90909,1,1,0.76923,0.90909,0.83333,1,0.76923
1,1,1,0.90909,1,1,0.76923,0.76923,0.90909,0.76923,0.71429,0.71429,0.76923,0.66667,0.76923,0.76923,0.52632,0.55556,0.58824,0.45455
0.8,0.9,1,1,1,1,1,1,1,0.9,0.8,0.83333,1,0.9,0.9,1,0.9,1,0.83333,1
1,1,1,0.90909,1,1,1,1,0.90909,0.90909,0.90909,0.90909,0.76923,0.83333,1,0.66667,0.76923,0.76923,0.90909,0.71429
1,1,1,1,0.83333,0.90909,1,1,0.625,0.43478,0.45455,0.47619,0.38462,0.45455,0.37037,0.28571,0.27778,0.25,0.25,0.22727
1,1,0.83333,0.83333,0.90909,1,1,0.90909,0.83333,0.83333,0.76923,0.83333,0.83333,0.76923,0.83333,0.66667,0.625,0.71429,0.76923,0.90909
1,1,1,1,1,1,1,0.83333,0.90909,0.90909,0.83333,0.90909,0.76923,0.76923,0.66667,0.71429,0.76923,0.5,0.625,0.47619
1,1,1,1,1,1,1,1,1,1,1,0.90909,1,1,1,1,0.90909,0.90909,1,0.90909
1,1,1,1,1,1,0.76923,0.83333,0.5,0.38462,0.4,0.37037,0.26316,0.43478,0.27778,0.26316,0.3125,0.2381,0.21277,0.25641
1,1,1,1,1,1,1,1,0.90909,1,1,1,0.90909,0.90909,0.90909,0.90909,0.83333,0.76923,0.83333,0.90909
1,1,1,1,1,1,1,1,1,1,1,0.90909,0.90909,1,0.90909,0.90909,0.90909,0.83333,0.90909,0.83333
1,1,1,1,1,0.90909,1,1,1,0.83333,1,0.71429,0.71429,0.90909,0.76923,0.76923,0.625,0.66667,0.55556,0.5
1,1,1,1,1,1,1,1,1,1,0.90909,1,0.90909,1,1,0.90909,0.90909,1,0.83333,0.76923
1,1,1,1,1,1,0.90909,0.90909,1,0.90909,0.83333,0.83333,0.66667,0.76923,0.55556,0.625,0.55556,0.45455,0.47619,0.43478
1,1,1,1,1,1,1,1,1,1,1,1,1,1,1,0.83333,0.90909,0.90909,0.90909,0.76923
1,1,1,1,0.83333,1,1,1,1,0.90909,0.76923,0.76923,0.71429,0.66667,0.55556,0.66667,0.625,0.52632,0.5,0.66667
1,1,1,1,1,1,1,1,1,1,0.83333,0.90909,0.90909,0.90909,0.90909,1,0.66667,0.90909,0.83333,0.625
0.9,1,0.9,1,1,1,1,0.9,0.9,0.9,1,1,1,1,0.9,1,0.90909,1,0.9,1
1,1,0.9,1,0.9,1,1,1,1,0.9,0.8,1,1,1,1,1,0.9,1,1,0.9
1,1,1,1,1,0.90909,0.90909,0.90909,0.71429,0.76923,0.71429,0.625,0.83333,0.47619,0.43478,0.43478,0.41667,0.41667,0.4,0.33333
0.8,0.8,0.9,0.9,0.9,1,1,0.9,0.9,0.8,0.9,1,0.9,1,0.9,0.9,0.8,1,0.9,1
1,1,1,1,1,1,1,1,1,1,1,0.9,1,1,0.9,1,0.9,1,1,1
1,1,1,1,1,1,1,1,1,1,1,1,1,0.9,1,1,1,0.9,1,1
1,0.9,0.9,1,1,1,1,1,1,1,1,1,0.90909,1,1,0.90909,1,0.83333,1,0.90909
1,1,1,1,1,0.90909,0.76923,0.83333,0.90909,0.83333,0.58824,0.76923,0.58824,0.47619,0.43478,0.43478,0.33333,0.3125,0.37037,0.25641
1,1,1,1,1,1,1,0.90909,1,1,0.90909,0.83333,0.76923,0.625,0.58824,0.71429,0.66667,0.5,0.4,0.4
1,0.9,1,1,1,1,1,1,1,0.9,1,1,1,1,1,1,1,1,1,0.9
1,1,1,1,1,1,0.90909,1,0.90909,0.90909,0.83333,1,1,1,0.90909,0.83333,0.83333,0.90909,0.83333,0.76923
1,1,0.9,0.9,1,1,1,1,1,1,1,1,1,1,0.90909,0.90909,1,1,0.90909,1
1,1,1,1,1,1,0.76923,0.76923,0.76923,0.76923,0.71429,0.45455,0.55556,0.5,0.41667,0.5,0.41667,0.32258,0.35714,0.29412
1,1,1,1,1,1,1,1,0.90909,0.66667,0.58824,0.76923,0.58824,0.43478,0.5,0.45455,0.38462,0.3125,0.33333,0.27027
1,1,1,1,1,1,1,1,1,0.90909,1,1,1,0.90909,0.90909,1,1,0.71429,0.90909,0.69231
1,1,1,1,0.90909,1,1,0.71429,0.90909,0.90909,0.90909,0.90909,0.625,0.76923,0.625,0.66667,0.41667,0.55556,0.52632,0.34483
1,1,1,1,1,0.83333,0.90909,1,1,0.83333,0.90909,0.58824,0.625,0.52632,0.55556,0.38462,0.41667,0.35714,0.30303,0.30303
1,1,1,1,1,1,1,1,1,0.90909,1,1,1,1,0.83333,0.83333,0.83333,0.90909,0.83333,0.90909
1,1,1,1,1,1,0.83333,0.90909,0.83333,0.90909,0.58824,0.625,0.58824,0.55556,0.4,0.4,0.38462,0.38462,0.26316,0.34483
1,1,1,1,1,0.90909,1,0.83333,0.83333,0.90909,0.90909,0.83333,0.90909,0.90909,0.90909,0.71429,0.83333,0.83333,0.83333,0.66667
1,1,0.9,0.9,1,0.9,0.9,0.9,0.9,1,1,1,1,1,1,1,1,1,1,0.8
1,1,1,1,1,0.90909,1,1,0.90909,1,0.90909,0.90909,1,0.90909,0.71429,0.90909,0.76923,0.76923,0.66667,0.58824
0.6,0.7,0.7,0.7,0.9,0.7,0.8,0.9,0.8,0.9,0.7,1,0.7,0.8,0.9,0.9,0.9,0.7,1,0.9
0.9,0.9,0.9,0.9,0.9,0.9,0.9,0.9,0.9,0.9,0.90909,1,0.9,0.9,0.90909,0.9,1,0.83333,0.81818,0.69231
1,1,1,1,1,1,1,1,1,1,1,1,0.90909,0.90909,0.90909,0.90909,0.76923,0.83333,0.76923,0.76923
1,1,1,1,1,1,1,1,1,0.90909,0.90909,1,1,0.90909,0.90909,0.90909,0.90909,0.90909,0.83333,0.83333
1,1,1,1,1,1,1,0.9,1,1,1,1,1,1,1,1,1,0.9,1,1
1,1,1,1,1,0.90909,1,0.83333,1,0.90909,0.71429,0.76923,0.55556,0.76923,0.52632,0.58824,0.52632,0.625,0.625,0.41667
1,1,1,1,1,1,0.90909,0.90909,1,0.90909,0.71429,0.66667,0.66667,0.58824,0.55556,0.43478,0.41667,0.45455,0.38462,0.34483
1,1,1,1,1,0.90909,1,0.83333,0.90909,0.90909,0.83333,0.76923,0.83333,0.71429,0.71429,0.71429,0.90909,0.71429,0.66667,0.90909
1,1,1,1,1,1,1,1,1,1,0.90909,1,1,0.83333,1,1,0.66667,0.90909,0.76923,1
1,1,1,1,1,0.90909,0.90909,1,1,0.90909,0.83333,0.83333,0.83333,0.90909,0.76923,0.76923,0.55556,0.58824,0.71429,0.71429
1,1,1,1,1,1,1,1,1,0.83333,1,1,0.76923,0.90909,0.83333,1,0.71429,0.76923,0.90909,0.76923
1,1,1,0.90909,0.90909,1,0.90909,1,0.90909,1,0.76923,0.83333,0.83333,0.71429,0.71429,0.76923,0.71429,0.58824,0.66667,0.58824
1,1,1,1,1,1,0.90909,1,1,0.83333,0.83333,1,0.90909,0.83333,0.83333,1,0.83333,0.71429,0.90909,0.76923
1,1,1,1,1,0.90909,1,1,0.90909,0.83333,0.83333,1,0.83333,0.83333,0.83333,0.71429,0.90909,0.76923,1,0.66667
1,1,1,1,1,1,1,0.83333,1,0.83333,0.90909,0.90909,0.83333,0.90909,1,0.90909,0.90909,0.90909,0.83333,0.90909
1,1,1,1,1,1,1,1,1,1,1,1,0.83333,1,1,0.83333,0.76923,0.90909,1,0.83333
1,0.90909,1,0.90909,1,0.83333,1,1,1,0.83333,0.83333,0.625,0.58824,0.71429,0.76923,0.52632,0.43478,0.52632,0.45455,0.5
1,1,1,1,1,1,1,1,1,1,1,1,0.90909,1,1,0.83333,0.90909,1,1,1
1,1,1,1,1,1,1,1,0.90909,0.83333,1,0.83333,1,0.83333,1,0.71429,0.71429,0.58824,0.625,0.71429
1,1,1,1,0.83333,1,0.76923,0.76923,0.76923,0.66667,0.76923,0.71429,0.58824,0.55556,0.4,0.45455,0.30303,0.45455,0.35714,0.25641
1,1,1,1,1,1,0.90909,1,0.90909,1,1,0.90909,1,1,0.90909,0.90909,1,0.76923,1,1
1,1,1,1,1,1,1,1,0.9,1,1,1,1,1,1,1,1,0.9,0.9,1
1,1,1,1,1,1,1,0.90909,1,0.90909,0.90909,1,0.83333,0.90909,0.90909,0.90909,1,0.83333,0.71429,0.76923
1,1,1,1,1,1,1,1,1,1,1,1,0.90909,0.90909,0.83333,0.71429,0.83333,0.90909,0.90909,0.90909
1,1,1,1,1,1,1,1,1,1,1,1,1,0.90909,0.71429,1,1,0.90909,1,0.76923
1,1,1,1,1,1,0.90909,0.90909,0.90909,0.90909,1,0.76923,0.90909,0.83333,1,0.90909,0.90909,0.76923,0.90909,0.71429
1,1,1,1,1,1,1,1,1,1,1,0.76923,0.83333,0.90909,1,0.90909,0.90909,0.83333,0.76923,0.83333
1,1,1,1,1,1,1,1,1,1,1,1,1,1,1,1,0.9,1,1,0.9
1,1,1,1,1,1,1,0.90909,0.90909,1,1,1,1,0.90909,1,0.83333,0.83333,0.71429,1,0.90909
0.7,0.9,0.9,0.9,1,1,0.9,0.8,1,0.9,0.9,0.8,0.8,0.8,1,0.9,0.9,0.9,1,0.9
0.6,0.7,0.8,0.7,0.8,0.7,0.8,0.8,0.7,0.8,0.9,0.8,0.7,0.9,0.7,0.8,0.8,0.8,0.8,0.8
1,1,1,1,1,1,1,1,1,1,1,1,0.90909,0.90909,1,1,0.90909,1,0.90909,0.90909
1,1,1,1,1,1,1,0.90909,1,1,1,1,0.83333,0.90909,0.90909,0.90909,1,0.76923,0.83333,1
1,1,1,1,1,1,1,1,1,1,1,1,1,1,1,1,0.90909,1,0.90909,0.90909
0.9,1,1,1,1,1,1,1,1,1,1,1,0.83333,1,0.71429,0.76923,1,0.76923,0.81818,0.90909
0.9,0.9,0.9,0.9,0.9,0.9,0.9,0.9,0.83333,1,1,0.81818,0.81818,0.64286,0.76923,0.76923,0.58824,0.76923,0.58824,0.625
0.9,0.9,1,0.9,1,1,1,1,0.9,1,1,1,1,0.9,1,1,1,1,1,0.9
1,1,1,1,1,1,1,1,1,1,1,1,1,1,1,1,1,1,0.90909,1
1,1,1,1,1,1,1,1,1,1,1,1,1,0.90909,0.83333,1,0.90909,0.90909,0.83333,0.90909
1,1,1,1,1,1,1,1,1,1,0.90909,0.90909,0.90909,1,0.90909,0.90909,1,1,0.83333,1
1,1,1,1,1,1,1,1,1,1,1,1,1,0.90909,1,1,1,0.90909,0.90909,0.90909
1,1,1,1,1,1,1,1,1,1,1,1,1,1,1,1,1,0.9,1,1
1,1,1,1,1,1,0.90909,0.90909,1,0.90909,1,1,0.90909,0.90909,0.90909,0.90909,0.90909,0.83333,0.83333,0.76923
1,1,0.90909,1,0.83333,1,1,0.90909,0.90909,0.90909,1,0.90909,0.83333,1,0.90909,0.52632,0.71429,0.71429,0.83333,0.58824
1,1,0.90909,1,0.90909,1,0.66667,0.83333,0.52632,0.5,0.32258,0.4,0.43478,0.38462,0.3125,0.28571,0.22727,0.22222,0.27778,0.26316
1,1,1,1,1,1,0.90909,1,1,1,0.90909,1,0.83333,0.90909,1,0.83333,0.90909,0.90909,0.90909,1
1,1,1,1,0.90909,1,1,1,0.90909,1,0.90909,1,0.76923,0.66667,1,0.83333,0.90909,0.625,0.58824,0.71429
1,1,1,1,1,1,1,1,1,1,0.9,1,1,1,1,1,1,1,1,1
1,1,1,1,1,1,1,1,1,1,1,1,1,1,0.9,1,1,1,1,1
1,1,1,1,1,0.90909,0.90909,0.83333,0.83333,0.90909,0.83333,0.83333,0.66667,0.90909,0.66667,0.47619,0.83333,0.625,0.55556,0.45455
1,1,1,1,0.90909,1,0.90909,1,0.76923,0.90909,0.71429,0.71429,0.90909,0.90909,0.625,0.90909,1,0.76923,0.625,0.58824
1,1,0.9,0.9,0.9,0.81818,0.9,0.9,0.9,0.9,0.81818,1,0.90909,0.81818,0.9,0.75,0.69231,0.81818,0.71429,0.83333
1,1,1,1,1,1,0.90909,1,0.90909,1,0.90909,1,0.90909,1,0.76923,1,0.83333,1,0.625,0.90909
1,1,1,1,0.90909,1,1,1,0.90909,0.90909,0.90909,0.76923,0.90909,0.90909,1,0.90909,0.76923,0.76923,0.76923,0.83333
1,1,1,1,1,1,1,1,1,1,0.66667,0.83333,0.55556,0.625,0.58824,0.45455,0.41667,0.41667,0.35714,0.29412
1,1,1,1,1,0.90909,0.90909,1,0.76923,0.83333,0.76923,0.90909,0.66667,0.83333,0.71429,0.625,0.55556,0.55556,0.66667,0.52632
1,1,1,1,1,1,1,1,1,1,1,1,1,0.90909,1,1,0.90909,1,0.83333,0.83333
0.7,0.7,0.7,0.8,0.8,0.9,0.8,0.7,0.9,0.9,0.9,0.8,0.9,0.81818,0.9,0.9,0.9,0.9,0.9,1
1,1,1,1,1,1,1,1,1,1,1,0.90909,0.90909,1,1,0.83333,0.90909,0.90909,0.71429,0.90909
1,1,1,1,1,1,1,1,1,1,1,1,0.90909,0.83333,1,1,1,0.76923,0.90909,0.66667
0.9,1,0.9,1,1,1,1,1,1,1,0.90909,0.90909,0.9,0.83333,0.83333,0.83333,0.76923,0.83333,0.76923,0.83333
1,1,1,1,1,1,1,1,1,1,1,1,0.90909,0.90909,1,1,0.90909,0.83333,0.90909,0.90909
1,1,1,1,1,1,1,1,1,1,1,1,1,1,1,1,1,0.90909,1,1
0.8,0.9,0.9,0.9,0.9,0.9,0.9,0.9,0.9,0.9,0.9,0.9,0.9,0.9,0.8,0.9,0.9,0.9,0.9,0.9
1,1,1,1,1,1,1,1,1,1,1,0.90909,0.83333,1,0.90909,1,0.90909,1,0.76923,0.83333
1,1,1,1,1,1,1,1,1,1,1,0.90909,1,1,1,1,0.90909,0.83333,0.83333,0.83333
1,1,0.90909,1,1,0.90909,0.83333,0.83333,0.76923,0.83333,0.90909,0.71429,0.58824,0.55556,0.47619,0.45455,0.37037,0.38462,0.34483,0.4
1,1,0.90909,1,1,1,0.90909,0.76923,1,0.90909,0.71429,0.71429,1,0.83333,0.71429,0.52632,0.5,0.55556,0.58824,0.43478
1,1,1,1,1,1,1,1,1,1,1,1,1,0.9,1,1,1,1,1,1
1,1,1,1,1,1,1,0.83333,0.90909,1,0.625,0.76923,0.71429,0.76923,0.66667,0.625,0.625,0.625,0.52632,0.58824
1,1,1,1,1,1,1,1,1,1,1,1,1,1,1,1,1,0.83333,1,0.83333
1,1,1,1,1,1,1,1,1,0.90909,0.83333,0.83333,1,0.625,0.55556,0.47619,0.625,0.55556,0.41667,0.55556
1,1,1,0.90909,1,0.90909,1,0.83333,0.625,1,0.71429,0.625,0.625,0.37037,0.41667,0.43478,0.33333,0.34483,0.34483,0.37037
1,1,1,1,1,0.90909,0.76923,0.90909,0.90909,1,0.90909,0.83333,1,0.83333,0.83333,0.76923,0.76923,1,0.66667,0.83333
1,1,1,1,1,0.90909,0.90909,0.90909,0.76923,0.83333,0.90909,1,0.83333,0.76923,0.76923,0.71429,0.83333,0.76923,0.58824,0.52632
1,1,1,1,1,1,1,0.90909,1,0.90909,1,1,1,0.83333,0.90909,0.83333,1,0.83333,0.83333,0.90909
1,1,1,1,1,1,1,1,1,1,1,1,1,1,0.9,0.90909,1,0.90909,0.9,0.90909
1,1,1,1,1,1,1,1,0.83333,1,1,0.90909,0.90909,0.83333,0.90909,0.90909,0.83333,0.76923,0.52632,0.71429
1,1,1,0.83333,1,1,1,0.90909,0.83333,0.83333,0.76923,0.71429,1,0.76923,0.83333,0.76923,1,0.66667,0.71429,0.71429
1,1,1,1,1,1,1,0.9,0.90909,1,1,0.76923,0.83333,0.83333,0.9,0.83333,0.75,0.75,0.66667,0.71429
1,1,1,1,1,1,1,1,1,1,1,1,1,1,1,1,1,1,1,1
1,1,1,0.90909,1,0.90909,1,1,0.90909,0.83333,0.90909,0.83333,0.83333,0.76923,0.90909,0.66667,0.76923,0.5,0.71429,0.66667
1,1,1,1,1,1,1,0.90909,1,1,1,0.90909,1,1,1,0.83333,0.83333,0.76923,0.76923,0.83333
1,1,0.90909,1,1,1,1,1,1,1,0.90909,1,1,0.90909,0.76923,0.83333,0.71429,0.71429,0.625,0.55556
0.9,0.9,0.9,0.9,1,1,1,0.9,1,1,1,0.9,1,0.9,1,1,0.9,1,0.9,1
1,0.9,0.9,1,1,1,1,1,1,1,1,1,1,1,1,1,1,1,1,0.90909
1,1,1,1,1,1,1,0.83333,0.83333,0.66667,0.66667,0.625,0.625,0.47619,0.45455,0.33333,0.41667,0.33333,0.38462,0.29412
1,1,1,1,1,1,0.76923,1,0.76923,0.83333,0.66667,0.45455,0.58824,0.625,0.33333,0.45455,0.38462,0.4,0.30303,0.28571
1,1,1,1,1,0.90909,1,0.83333,0.90909,0.90909,0.90909,0.76923,0.71429,0.66667,0.76923,0.47619,0.55556,0.52632,0.47619,0.4
0.6,0.7,0.8,0.8,0.9,1,0.9,0.9,0.9,1,0.8,1,0.9,0.9,0.8,1,0.9,0.8,0.81818,1
1,1,1,1,1,1,1,1,1,1,0.90909,1,1,0.90909,0.90909,1,0.71429,0.76923,0.83333,0.83333
1,1,1,1,0.90909,0.83333,1,0.83333,1,0.83333,0.90909,0.76923,0.625,0.90909,0.76923,0.71429,0.71429,0.71429,0.66667,0.52632
1,1,1,1,1,1,1,1,1,1,0.90909,0.90909,1,1,0.83333,0.83333,1,0.90909,1,0.90909
1,1,1,1,1,1,1,1,0.83333,1,0.90909,0.83333,1,1,1,0.90909,0.90909,1,1,0.83333
1,1,1,1,1,1,1,1,1,1,1,0.90909,1,0.83333,0.90909,1,0.90909,0.76923,0.90909,0.83333
1,1,1,1,1,1,1,1,0.90909,1,1,1,1,0.76923,0.90909,0.90909,0.83333,0.83333,0.76923,0.83333
1,1,0.90909,1,1,1,0.90909,1,0.90909,1,1,0.83333,0.90909,0.58824,0.71429,0.66667,0.71429,0.55556,0.55556,0.45455
1,1,1,1,1,1,1,1,1,1,1,1,1,1,0.90909,1,0.81818,1,0.81818,0.90909
1,1,1,1,0.90909,0.90909,0.90909,0.90909,1,0.76923,0.83333,0.76923,0.71429,0.83333,0.83333,0.83333,0.76923,0.71429,1,0.83333
1,1,1,1,1,1,1,1,1,1,1,1,1,1,1,0.9,1,1,1,1
1,1,1,1,1,1,1,1,1,1,1,1,1,1,1,1,0.9,1,1,1
1,1,1,1,0.83333,0.83333,0.76923,0.71429,0.52632,0.5,0.35714,0.41667,0.35714,0.33333,0.26316,0.28571,0.27027,0.22222,0.22222,0.21277
1,1,1,1,0.90909,1,0.90909,0.90909,0.83333,0.58824,0.83333,0.71429,0.625,0.58824,0.66667,0.55556,0.5,0.55556,0.625,0.34483
1,1,1,1,1,1,0.90909,0.90909,0.83333,1,0.83333,1,0.83333,0.76923,0.76923,0.83333,0.90909,0.71429,0.90909,0.625
1,1,1,1,1,1,1,1,0.90909,1,0.83333,1,0.90909,0.625,0.71429,0.76923,0.66667,0.71429,0.625,0.58824
0.9,1,1,1,0.9,1,1,1,1,1,1,1,0.9,1,0.9,0.9,1,0.9,1,1
1,1,1,1,1,1,1,1,0.90909,1,0.90909,1,1,0.90909,0.90909,0.90909,1,0.90909,0.76923,0.90909
1,1,1,0.90909,1,0.66667,0.83333,0.76923,0.58824,0.45455,0.41667,0.35714,0.33333,0.4,0.35714,0.25641,0.22727,0.23256,0.25,0.20833
1,1,1,1,1,1,1,1,1,1,1,1,0.90909,1,1,0.76923,1,0.83333,0.76923,0.90909
1,1,1,0.83333,0.90909,1,0.90909,0.90909,0.90909,1,0.76923,0.83333,0.76923,0.71429,0.5,0.625,0.71429,0.52632,0.47619,0.52632
0,0,0,0,0,0,0,0,0,0,0,0,0,0,0,0,0,0,0,0
1,1,1,1,1,1,1,0.90909,1,1,1,1,0.83333,0.90909,0.90909,0.90909,0.71429,0.90909,1,0.76923
1,1,1,1,1,1,1,1,1,1,1,1,1,1,1,0.90909,0.90909,0.76923,0.76923,0.83333
1,1,1,1,0.90909,0.90909,0.71429,0.625,0.52632,0.32258,0.45455,0.38462,0.28571,0.27778,0.25,0.27778,0.20833,0.26316,0.3125,0.2439
1,1,1,1,1,1,1,1,1,1,1,1,1,1,0.9,1,1,1,1,0.9
1,1,1,1,1,1,1,1,1,1,1,1,1,1,1,1,0.90909,1,0.83333,1
1,1,1,1,1,1,1,1,1,0.90909,1,1,1,0.90909,0.90909,0.90909,1,0.83333,0.83333,0.90909
1,1,1,1,1,1,1,1,1,1,1,1,0.90909,0.90909,1,1,1,1,1,1
0.90909,1,1,1,1,0.83333,0.90909,0.90909,0.83333,0.83333,0.90909,0.76923,0.55556,0.55556,0.38462,0.35714,0.30303,0.4,0.37037,0.35714
1,0.9,1,0.90909,0.9,1,0.9,1,0.75,0.64286,0.75,0.81818,0.90909,0.83333,0.69231,0.55556,0.5625,0.64286,0.42857,0.47368
1,1,1,1,1,0.90909,0.90909,1,1,1,1,1,1,1,1,0.90909,0.90909,0.90909,0.83333,1
1,1,1,1,0.90909,0.90909,1,1,1,0.90909,0.90909,0.90909,0.83333,0.66667,0.83333,0.83333,0.625,0.71429,0.71429,0.66667
1,1,1,1,1,1,1,0.90909,0.76923,1,0.83333,0.90909,0.83333,0.90909,0.83333,0.71429,0.66667,0.83333,0.71429,0.71429
1,1,1,1,1,1,1,0.9,1,0.9,1,0.69231,0.81818,0.81818,1,0.9,0.83333,0.81818,0.90909,0.76923
1,1,1,1,1,1,1,0.90909,1,0.90909,0.90909,1,1,0.83333,1,0.76923,0.83333,0.83333,0.90909,0.66667
1,1,1,1,0.90909,1,0.90909,0.90909,0.90909,0.83333,0.71429,1,0.83333,0.66667,0.66667,0.71429,0.83333,0.625,0.58824,0.5
1,1,1,0.9,0.9,0.9,0.9,0.9,0.9,0.9,0.9,0.9,0.9,0.9,0.81818,0.9,0.90909,1,0.81818,0.81818
1,1,1,1,1,0.90909,0.90909,1,0.76923,0.90909,0.90909,0.90909,1,0.90909,0.90909,0.71429,1,0.66667,0.76923,1
1,1,1,1,1,1,0.83333,1,1,0.90909,0.83333,0.71429,0.76923,0.76923,0.58824,0.71429,0.58824,0.55556,0.625,0.43478
1,1,1,0.90909,0.90909,1,1,0.90909,0.83333,0.71429,0.52632,0.625,0.66667,0.625,0.30303,0.47619,0.33333,0.29412,0.32258,0.38462
1,1,1,1,1,1,1,0.90909,1,1,0.71429,1,0.83333,1,0.83333,0.58824,0.66667,0.625,0.66667,0.5
1,1,1,1,1,1,1,1,0.90909,0.90909,0.90909,0.71429,0.83333,0.83333,1,0.71429,0.66667,0.90909,0.66667,0.55556
1,1,1,1,1,1,0.90909,0.90909,0.83333,0.83333,0.83333,0.90909,0.83333,0.625,0.71429,0.76923,1,0.66667,0.83333,0.76923
1,1,1,1,1,1,0.90909,1,0.83333,0.83333,0.83333,0.71429,0.45455,0.47619,0.43478,0.41667,0.4,0.3125,0.29412,0.37037
1,1,1,1,1,1,1,1,1,0.90909,0.90909,1,0.90909,1,0.83333,0.76923,0.71429,0.83333,0.83333,0.90909
1,1,1,1,1,1,1,0.90909,0.90909,0.76923,0.90909,1,0.83333,0.83333,0.90909,0.90909,0.90909,0.83333,0.90909,0.90909
1,1,1,1,0.90909,1,0.90909,0.83333,1,0.90909,0.83333,0.76923,0.76923,0.66667,0.71429,0.55556,0.66667,0.52632,0.55556,0.66667
1,1,1,1,1,1,0.90909,1,0.90909,0.90909,0.76923,0.90909,0.83333,0.90909,0.90909,0.76923,0.90909,0.76923,0.83333,0.76923
0.8,0.9,0.9,0.9,1,0.8,0.9,0.9,0.9,1,0.9,1,0.9,0.8,0.8,0.8,0.9,0.8,1,0.9
1,1,1,1,1,1,1,1,1,0.90909,1,1,1,1,0.90909,0.90909,0.83333,0.83333,0.76923,0.90909
1,1,1,1,0.90909,0.90909,1,1,0.90909,0.90909,0.90909,1,0.76923,0.83333,0.76923,0.76923,0.66667,0.66667,0.66667,0.625
1,0.9,1,1,1,1,0.9,1,1,0.9,1,1,0.9,1,1,1,0.9,1,1,1
0.90909,1,1,1,0.76923,0.90909,1,0.76923,0.83333,0.71429,0.55556,0.66667,0.58824,0.52632,0.52632,0.41667,0.43478,0.32258,0.34483,0.32258
1,1,1,1,1,0.90909,0.90909,0.90909,0.90909,0.83333,0.90909,1,0.76923,1,0.83333,0.83333,0.83333,0.76923,0.76923,0.83333
1,1,1,1,1,0.90909,0.90909,1,0.90909,0.90909,0.83333,0.83333,0.90909,0.76923,0.625,0.625,0.66667,0.625,0.66667,0.625
1,1,1,0.90909,1,0.90909,0.90909,0.90909,0.83333,0.90909,0.90909,0.76923,1,0.76923,0.76923,0.83333,0.76923,1,0.58824,0.71429
1,1,1,1,1,1,1,0.90909,0.90909,1,1,0.90909,1,1,0.83333,0.83333,0.83333,1,0.90909,0.58824
1,1,1,1,1,1,1,1,1,1,1,1,1,1,1,1,1,1,1,1
1,1,1,1,1,0.90909,0.71429,0.66667,0.52632,0.52632,0.43478,0.45455,0.33333,0.37037,0.3125,0.28571,0.27778,0.3125,0.21739,0.2439
1,1,1,1,0.9,0.9,0.9,1,0.9,0.8,0.9,0.9,1,0.9,1,0.8,0.9,0.9,0.8,0.9
1,1,1,0.90909,1,1,0.90909,0.90909,0.83333,0.90909,1,0.83333,0.76923,0.90909,0.76923,0.90909,0.58824,0.58824,0.66667,0.55556
1,1,1,1,0.9,1,1,1,1,1,0.9,1,1,1,1,1,1,0.90909,1,0.9
1,1,1,1,1,1,1,1,1,1,1,1,0.90909,1,1,0.90909,0.625,1,0.90909,0.83333
1,1,1,1,1,1,1,1,0.90909,0.90909,0.90909,0.90909,0.76923,0.71429,0.90909,0.71429,0.90909,0.66667,0.43478,0.625
1,1,1,1,1,1,1,1,1,1,1,1,1,1,1,1,1,1,1,1
1,1,1,0.90909,1,0.83333,0.83333,0.83333,0.90909,0.90909,0.76923,1,0.83333,0.76923,0.76923,0.83333,0.76923,0.76923,0.66667,0.76923
1,1,1,1,0.90909,1,1,1,0.83333,1,0.76923,1,0.83333,0.83333,0.83333,0.76923,0.71429,0.83333,0.71429,0.5
1,1,1,1,0.90909,0.90909,1,1,0.90909,0.90909,0.71429,0.83333,0.76923,0.66667,0.83333,0.47619,0.71429,0.625,0.45455,0.5
1,1,1,1,0.90909,1,1,1,0.71429,0.90909,0.90909,0.83333,0.90909,0.90909,0.83333,0.76923,0.83333,0.66667,0.90909,0.58824
1,1,1,1,1,1,1,1,1,1,0.83333,0.90909,0.71429,0.83333,0.55556,0.66667,0.55556,0.625,0.4,0.38462
1,1,1,1,1,1,1,1,1,1,1,1,1,1,1,1,1,1,1,1
1,1,0.90909,1,1,0.90909,0.66667,0.83333,0.5,0.55556,0.47619,0.38462,0.41667,0.32258,0.33333,0.33333,0.25641,0.2439,0.26316,0.25
1,1,1,1,1,1,1,1,1,0.90909,1,0.83333,0.83333,0.71429,0.58824,0.71429,0.76923,0.52632,0.43478,0.52632
1,1,0.90909,1,0.90909,1,0.90909,1,1,0.76923,0.90909,0.76923,0.83333,0.66667,0.47619,0.625,0.47619,0.58824,0.55556,0.38462
1,1,1,1,1,1,1,1,1,1,1,1,1,1,1,1,0.90909,1,1,0.90909
1,1,1,1,1,1,1,1,1,1,1,1,0.90909,1,0.90909,0.83333,0.90909,0.90909,0.90909,0.83333
1,1,1,1,1,1,1,1,1,1,0.90909,0.90909,0.90909,0.66667,0.76923,0.90909,0.83333,0.66667,0.64286,0.83333
1,1,1,1,1,1,1,1,1,1,1,1,1,1,1,1,0.90909,0.76923,0.90909,0.90909
0.6,0.6,0.7,0.7,0.8,0.7,0.7,0.8,0.8,0.7,0.6,0.8,0.8,0.7,0.8,0.7,0.7,0.8,0.7,0.7
1,1,1,1,1,1,1,0.90909,1,0.83333,1,0.90909,0.76923,0.90909,0.76923,0.76923,0.83333,0.66667,0.66667,0.83333
1,1,1,1,1,1,1,1,1,1,1,1,1,1,1,1,0.90909,0.76923,1,1
1,1,1,1,1,1,1,1,1,1,1,1,0.9,0.9,1,1,1,1,0.9,1
1,1,1,1,1,1,1,1,1,1,1,1,1,1,1,1,1,1,1,1
1,1,1,1,1,1,0.83333,0.90909,1,0.83333,0.83333,0.90909,0.83333,0.90909,0.66667,0.66667,0.625,0.71429,0.76923,0.71429
1,1,1,1,1,1,1,1,1,1,1,1,1,1,1,0.90909,0.90909,0.83333,0.90909,1
1,1,1,0.90909,0.83333,1,1,0.90909,0.90909,0.71429,1,0.76923,1,0.83333,0.76923,0.71429,0.83333,0.71429,0.71429,0.66667
1,1,0.9,1,1,1,0.9,1,1,1,1,0.9,0.9,0.9,0.9,1,1,0.9,1,1
1,1,1,1,1,1,1,0.83333,0.76923,0.83333,0.90909,1,0.76923,0.90909,0.90909,0.83333,0.83333,0.71429,0.71429,0.76923
1,1,0.9,1,1,1,0.9,1,1,0.90909,1,1,0.81818,1,1,0.9,1,1,0.90909,1
1,1,1,1,1,1,1,0.90909,1,0.90909,0.90909,0.90909,0.71429,0.83333,0.90909,0.90909,0.90909,0.76923,0.90909,0.76923
1,1,1,1,1,1,1,0.90909,1,0.90909,0.83333,0.83333,0.83333,0.83333,0.90909,0.76923,0.83333,0.83333,0.71429,0.71429
0.7,0.7,0.9,0.8,0.9,1,0.9,0.9,0.9,1,1,0.9,0.8,0.8,0.9,0.9,1,1,1,0.9
1,1,1,1,1,1,0.9,1,1,1,1,1,1,1,1,1,1,1,0.8,1
1,1,1,1,1,1,1,1,1,1,0.90909,1,1,0.90909,0.90909,0.90909,0.83333,0.66667,0.90909,0.71429
1,1,1,1,1,1,1,1,1,1,1,1,1,1,1,0.90909,1,1,1,0.76923
1,1,1,1,1,1,1,0.90909,1,1,1,0.90909,0.83333,0.90909,0.90909,0.76923,0.90909,0.83333,0.66667,0.55556
1,1,1,1,1,1,1,1,1,1,1,1,1,1,1,0.9,1,1,1,1
1,1,1,1,1,1,1,1,1,1,1,1,1,1,1,1,1,1,1,1
1,1,1,1,1,0.83333,0.83333,1,0.76923,1,1,0.83333,1,0.90909,0.83333,0.66667,1,0.625,0.52632,0.52632
1,1,1,1,0.83333,0.90909,0.90909,1,1,0.90909,0.90909,1,0.76923,0.83333,0.83333,0.83333,0.625,0.66667,0.71429,0.52632
1,1,1,1,0.90909,0.83333,0.90909,0.71429,0.58824,0.45455,0.47619,0.30303,0.29412,0.27778,0.28571,0.27778,0.2439,0.22222,0.21277,0.23256
1,1,1,1,0.90909,1,1,0.83333,0.83333,0.83333,1,0.90909,0.71429,0.90909,0.52632,0.66667,0.66667,0.625,0.66667,0.66667
1,1,0.9,1,0.9,0.9,0.9,0.90909,0.9,0.9,0.83333,0.69231,0.64286,0.66667,0.52632,0.55556,0.3913,0.47619,0.30303,0.35714
1,1,1,1,1,1,1,1,1,1,1,1,0.83333,1,1,1,1,0.90909,0.83333,1
1,1,1,1,1,1,1,1,1,1,1,1,0.90909,0.90909,0.76923,0.90909,0.83333,0.83333,0.71429,0.76923
1,1,1,1,1,1,1,0.90909,1,1,0.90909,1,0.90909,1,0.76923,0.90909,0.76923,0.83333,0.83333,0.66667
1,1,1,1,0.9,1,1,1,1,1,1,1,1,1,1,1,1,0.90909,1,1
1,1,1,1,1,1,1,1,1,0.90909,1,1,1,0.90909,0.90909,0.90909,0.90909,0.90909,0.90909,0.83333
1,1,1,1,1,1,1,1,1,1,1,1,1,0.9,0.9,1,1,1,0.90909,1
1,1,0.83333,1,1,1,1,1,1,1,0.9,0.90909,0.76923,0.90909,0.71429,0.71429,0.90909,0.83333,1,0.9
0.7,0.9,0.8,1,1,1,0.9,1,0.8,0.9,1,0.9,0.9,0.9,0.9,1,0.9,1,0.9,1
1,1,0.90909,1,1,1,1,0.90909,0.90909,0.83333,0.90909,0.71429,0.66667,0.90909,0.625,0.90909,0.52632,0.5,0.55556,0.58824
1,1,1,1,1,1,1,1,1,1,1,1,1,1,1,1,0.90909,1,1,1
1,1,1,1,0.90909,1,0.90909,0.76923,0.90909,0.76923,0.83333,0.58824,0.47619,0.5,0.5,0.4,0.35714,0.30303,0.4,0.38462
1,1,1,1,1,1,0.90909,0.90909,0.83333,0.90909,0.83333,1,1,1,0.90909,0.83333,0.76923,1,0.71429,0.90909
1,1,1,1,1,1,1,1,1,1,1,1,1,1,1,0.90909,1,1,0.83333,0.83333
1,1,0.9,0.9,0.9,1,1,1,1,1,0.9,1,1,1,1,1,1,0.90909,1,0.9
1,1,1,1,1,1,1,1,1,1,1,1,1,1,0.9,1,0.81818,1,0.9,0.9
1,1,0.9,1,0.9,0.9,1,0.9,0.81818,1,0.83333,0.90909,0.90909,0.64286,0.58824,0.81818,0.52941,0.58824,0.76923,0.45455
1,1,1,1,1,1,1,1,1,1,1,0.90909,0.90909,1,1,1,0.83333,0.90909,0.83333,0.76923
1,1,1,1,0.90909,0.90909,0.83333,0.83333,0.83333,0.90909,0.90909,1,0.83333,0.90909,0.71429,0.66667,0.5,0.66667,0.58824,0.71429
1,1,1,1,1,0.90909,1,0.83333,0.83333,0.83333,0.83333,0.66667,0.625,0.52632,0.5,0.45455,0.38462,0.45455,0.4,0.37037
0.9,0.9,0.9,0.9,1,1,0.9,1,0.9,1,1,1,1,1,0.9,1,1,1,1,1
1,1,1,1,1,1,1,0.90909,1,1,0.90909,0.83333,1,1,1,0.83333,1,0.90909,0.66667,0.90909
1,1,1,1,1,0.90909,0.71429,0.71429,0.66667,0.5,0.43478,0.33333,0.33333,0.37037,0.37037,0.26316,0.2439,0.28571,0.28571,0.2381
1,1,1,0.90909,1,1,1,0.71429,1,0.90909,0.83333,0.76923,0.83333,0.71429,0.71429,1,0.90909,0.71429,0.71429,0.71429
1,1,0.90909,0.90909,1,0.90909,1,1,1,1,1,0.76923,0.66667,0.625,0.55556,0.625,0.66667,0.58824,0.4,0.47619
1,1,0.90909,0.90909,1,1,1,0.90909,0.90909,1,0.83333,0.90909,0.90909,0.76923,0.66667,0.83333,0.66667,0.76923,0.55556,0.66667
1,1,1,0.83333,0.90909,0.90909,0.90909,1,1,0.90909,0.90909,0.90909,0.83333,1,0.625,0.90909,0.83333,0.76923,0.66667,0.45455
0.9,0.9,0.9,0.9,1,1,0.9,1,0.9,0.9,1,0.9,0.8,1,1,1,0.9,0.9,1,0.8
1,1,1,1,0.90909,1,1,0.90909,0.90909,1,0.83333,1,0.90909,0.83333,0.83333,0.71429,0.90909,0.90909,0.76923,0.66667
1,0.83333,0.90909,1,0.76923,0.90909,1,1,0.90909,0.83333,0.90909,0.71429,0.83333,0.66667,0.55556,0.66667,0.47619,0.55556,0.625,0.58824
1,1,1,1,1,1,1,1,0.90909,0.90909,1,0.83333,1,0.90909,0.83333,0.90909,0.83333,0.625,0.58824,0.66667
1,1,1,1,1,1,1,1,1,1,1,1,1,1,1,1,1,0.9,0.9,1
1,0.9,0.9,0.9,0.9,0.9,0.9,0.9,0.81818,0.81818,0.75,1,1,0.75,0.81818,0.83333,0.81818,0.71429,0.64286,0.83333
1,1,0.90909,1,0.76923,0.83333,0.66667,0.55556,0.5,0.37037,0.4,0.32258,0.37037,0.34483,0.32258,0.25,0.25,0.25,0.19608,0.2
0.6,0.6,0.6,0.6,0.7,0.6,0.6,0.7,0.6,0.6,0.6,0.6,0.7,0.8,0.9,0.8,0.6,0.8,0.7,0.7
1,1,1,1,0.90909,1,1,0.83333,0.76923,0.76923,0.76923,0.66667,0.45455,0.5,0.41667,0.35714,0.43478,0.38462,0.35714,0.32258
1,1,1,1,1,0.90909,1,1,1,0.90909,0.90909,0.71429,0.90909,0.83333,0.52632,0.76923,0.58824,0.41667,0.55556,0.5
0.8,0.9,1,0.9,0.9,0.9,0.9,0.9,0.9,0.8,0.9,0.9,0.9,0.9,0.9,0.9,0.81818,0.9,0.9,1
1,1,1,1,1,1,1,1,1,0.83333,1,1,1,0.90909,0.76923,1,0.90909,0.83333,1,0.83333
1,1,1,1,0.9,0.90909,0.9,0.9,0.90909,0.9,0.71429,0.71429,0.71429,0.58824,0.76923,0.66667,0.5,0.625,0.52632,0.37037
0.90909,1,1,1,1,1,0.90909,1,0.90909,0.90909,0.90909,0.71429,1,0.71429,0.58824,0.76923,0.71429,0.43478,0.5,0.5
1,0.9,0.9,0.9,0.9,0.9,0.9,0.9,0.9,0.9,0.9,0.9,0.9,1,0.81818,0.9,0.81818,0.9,0.75,0.81818
1,1,1,1,1,1,1,1,1,1,1,1,1,1,1,0.90909,1,1,0.90909,0.90909
1,1,1,1,0.90909,1,0.90909,1,0.90909,0.90909,1,0.90909,0.76923,1,0.71429,0.83333,0.83333,0.66667,0.76923,0.83333
1,1,1,1,1,0.90909,0.90909,0.90909,1,0.90909,0.76923,0.55556,0.83333,0.76923,0.66667,0.71429,0.83333,0.71429,0.66667,0.58824
1,1,1,0.90909,0.90909,0.83333,1,1,1,0.90909,1,1,0.71429,0.76923,0.76923,0.66667,0.76923,0.55556,0.66667,0.76923
1,1,1,1,1,1,1,1,1,1,1,0.90909,0.83333,1,0.83333,0.90909,0.83333,0.90909,0.66667,0.90909
1,1,1,1,1,1,1,1,0.90909,1,0.90909,0.90909,0.83333,0.625,0.58824,0.625,0.55556,0.45455,0.47619,0.45455
1,1,1,1,1,1,1,1,1,1,1,1,1,1,0.90909,0.90909,1,0.90909,1,1
1,1,1,1,1,1,0.90909,0.9,1,1,1,0.90909,0.90909,1,0.90909,0.90909,0.83333,0.83333,0.83333,0.71429
0.7,0.7,0.8,0.8,0.8,0.9,0.8,0.8,0.8,0.8,0.9,0.9,0.8,0.8,0.8,0.8,0.9,0.8,0.8,0.8
1,1,1,1,1,1,1,1,1,0.9,0.9,1,1,1,1,1,1,1,1,1
1,1,1,1,1,1,0.83333,1,0.90909,0.90909,0.90909,1,0.90909,1,0.83333,1,0.83333,0.76923,1,0.83333
1,1,1,1,1,1,1,1,0.90909,0.83333,0.83333,0.83333,0.83333,1,0.83333,0.76923,0.76923,0.66667,0.625,0.66667
1,1,1,1,1,1,1,1,1,1,0.90909,1,1,1,1,1,1,1,1,1
1,1,1,0.90909,1,1,1,1,1,0.83333,1,0.90909,0.83333,0.83333,0.76923,0.83333,0.90909,0.76923,0.76923,0.52632
0.9,0.9,1,1,1,1,1,1,1,0.9,1,0.81818,1,0.90909,1,1,1,1,1,0.90909
1,1,1,1,1,0.83333,0.90909,0.90909,1,0.83333,0.90909,0.76923,0.83333,0.76923,0.66667,0.625,0.76923,0.66667,0.625,0.625
1,1,1,1,0.90909,0.90909,0.90909,0.90909,0.83333,0.83333,0.76923,0.90909,0.71429,0.83333,0.71429,0.55556,0.71429,0.47619,0.52632,0.5
1,1,1,0.90909,1,1,1,0.90909,0.90909,1,0.90909,0.83333,0.90909,0.83333,0.71429,0.76923,0.43478,0.41667,0.52632,0.45455
1,1,1,1,1,1,1,0.90909,1,0.90909,1,1,1,1,0.90909,0.76923,0.83333,1,0.83333,0.76923
1,1,1,1,1,0.90909,1,0.90909,0.90909,0.83333,1,0.90909,0.83333,0.90909,0.90909,0.83333,0.71429,0.66667,0.83333,0.625
1,1,1,1,1,1,1,0.83333,0.90909,1,0.76923,0.83333,0.71429,0.76923,0.625,0.625,0.5,0.5,0.52632,0.4
1,1,1,1,1,1,1,1,1,1,0.90909,1,1,0.83333,1,0.90909,0.90909,0.83333,0.76923,0.83333
1,1,1,1,1,1,0.90909,1,0.76923,0.90909,0.83333,1,0.90909,1,0.83333,0.90909,0.71429,0.66667,0.58824,0.625
1,1,1,1,0.90909,1,0.90909,0.83333,0.625,0.41667,0.34483,0.37037,0.35714,0.35714,0.34483,0.27778,0.21739,0.30303,0.21739,0.2381
1,1,1,1,1,1,1,0.90909,1,1,0.90909,1,1,1,0.90909,0.90909,0.83333,1,0.66667,0.83333
1,1,1,1,1,1,1,1,1,1,1,0.90909,0.76923,0.90909,1,1,0.90909,0.90909,0.83333,1
1,1,1,1,1,0.90909,1,1,0.90909,0.83333,1,0.76923,0.83333,0.90909,1,0.71429,0.76923,0.71429,0.71429,0.83333
1,1,1,1,0.90909,0.83333,0.90909,0.83333,0.83333,0.71429,0.83333,0.83333,0.90909,0.83333,0.76923,0.90909,1,0.625,0.625,0.5
1,1,1,1,1,1,1,1,1,1,1,1,0.9,1,1,1,1,1,1,1
1,1,1,1,0.9,1,0.90909,0.9,1,1,1,0.81818,0.90909,1,0.90909,0.90909,1,0.69231,0.71429,0.66667
1,1,0.90909,0.90909,1,1,1,0.90909,0.76923,0.83333,0.90909,0.76923,0.83333,0.66667,0.58824,0.58824,0.52632,0.5,0.38462,0.41667
1,1,1,1,1,1,1,1,1,1,1,1,1,1,1,0.90909,1,1,1,0.90909
1,1,1,1,1,1,1,1,1,1,1,1,1,1,1,1,1,1,1,0.90909
1,1,1,0.9,0.9,0.9,1,0.9,0.9,1,0.9,0.9,1,1,1,0.9,1,0.9,1,0.8
1,1,1,1,1,1,1,1,1,0.76923,0.90909,0.83333,0.64286,0.625,0.45455,0.42857,0.43478,0.41667,0.35714,0.38462
1,1,1,1,1,1,0.90909,0.90909,0.90909,1,1,1,0.83333,0.76923,0.83333,0.90909,0.71429,0.83333,0.76923,0.71429
1,1,1,1,1,1,1,1,1,1,1,1,1,1,0.90909,0.90909,0.90909,0.83333,0.90909,0.76923
1,0.90909,1,1,1,1,0.83333,1,0.90909,1,0.90909,0.90909,0.71429,0.76923,0.58824,0.76923,0.625,0.58824,0.5,0.66667
1,1,1,1,1,1,1,1,1,1,1,1,0.90909,1,1,1,0.90909,1,0.90909,1
1,1,1,1,1,1,1,1,1,1,1,1,1,1,0.9,1,1,1,1,0.9
1,1,1,1,0.83333,1,0.90909,0.76923,0.71429,0.66667,0.71429,0.55556,0.52632,0.5,0.5,0.35714,0.34483,0.33333,0.35714,0.45455
1,0.90909,1,1,1,0.90909,0.90909,0.90909,1,1,0.66667,0.83333,0.83333,0.90909,0.71429,0.55556,0.55556,0.71429,0.66667,0.43478
1,1,1,1,1,1,0.90909,1,1,0.90909,0.83333,0.90909,1,1,0.90909,0.66667,0.83333,0.71429,0.66667,0.71429
1,1,1,0.90909,1,1,0.76923,0.90909,0.90909,0.83333,0.90909,0.90909,0.83333,0.71429,0.83333,0.76923,0.83333,0.76923,0.55556,0.66667
1,1,1,1,0.90909,0.90909,0.83333,0.71429,0.76923,0.83333,0.71429,0.5,0.66667,0.47619,0.5,0.47619,0.5,0.27778,0.35714,0.33333
1,1,1,1,1,0.90909,1,1,1,0.90909,0.90909,1,0.76923,0.90909,0.90909,0.76923,0.71429,0.58824,0.55556,0.47619
0.9,0.9,0.9,0.9,0.9,0.9,0.9,0.9,0.81818,0.625,0.90909,0.75,0.5,0.52941,0.55556,0.40909,0.375,0.45455,0.38462,0.32143
1,1,1,1,0.90909,0.90909,0.90909,1,1,1,0.83333,0.90909,0.90909,0.83333,0.83333,0.83333,0.83333,0.76923,0.625,0.625
1,0.9,0.9,0.9,0.9,1,0.9,1,0.9,0.9,0.83333,0.9,1,0.9,0.83333,0.83333,0.81818,0.69231,0.9,0.75
1,1,1,0.9,1,1,1,1,1,0.90909,1,1,0.83333,0.83333,0.90909,0.76923,0.90909,0.71429,0.625,0.83333
1,1,1,1,1,1,1,1,1,1,0.9,1,0.9,1,1,1,1,1,0.9,1
1,1,0.83333,1,0.90909,1,0.90909,0.90909,0.90909,0.90909,0.90909,0.76923,0.83333,0.90909,0.55556,0.55556,0.58824,0.66667,0.52632,0.58824
1,1,1,1,1,0.90909,1,1,1,0.83333,0.90909,0.90909,0.66667,0.83333,1,0.76923,0.83333,0.76923,0.47619,0.83333
1,1,1,1,1,1,0.90909,0.90909,0.90909,0.76923,0.90909,1,0.83333,0.83333,0.76923,0.76923,0.83333,0.71429,0.90909,0.71429
1,1,1,1,1,1,1,0.90909,0.90909,0.83333,0.90909,0.83333,1,0.90909,0.76923,0.76923,0.58824,0.71429,0.76923,0.90909
1,1,1,1,1,1,0.83333,0.90909,1,0.90909,0.83333,0.83333,0.90909,0.83333,0.83333,0.83333,0.625,0.71429,0.76923,0.625
1,1,1,1,1,0.90909,1,1,1,0.90909,0.83333,0.76923,0.76923,0.83333,0.625,1,0.71429,0.90909,0.76923,0.76923
1,1,1,1,1,1,0.90909,1,0.90909,1,0.90909,1,0.90909,0.90909,1,0.83333,0.90909,1,0.90909,1
1,1,1,1,1,1,1,0.90909,1,1,1,1,0.90909,0.90909,1,0.90909,0.66667,0.83333,0.83333,0.76923
1,1,1,1,1,1,1,1,0.90909,1,1,1,0.90909,0.76923,0.83333,1,0.90909,1,0.90909,0.76923
1,1,1,0.90909,0.83333,1,0.71429,0.47619,0.5,0.47619,0.38462,0.35714,0.33333,0.29412,0.27778,0.27027,0.2439,0.21739,0.19231,0.22222
1,1,1,1,1,1,1,1,1,1,1,1,1,1,0.90909,0.90909,1,1,1,0.83333
1,1,1,1,1,1,1,1,1,1,1,0.90909,0.83333,0.90909,0.90909,0.90909,0.71429,0.71429,0.90909,0.83333
1,1,1,1,0.90909,1,0.83333,1,1,0.90909,0.90909,0.76923,0.76923,0.90909,0.83333,0.83333,0.71429,0.58824,0.71429,0.71429
1,1,1,1,1,1,1,1,0.90909,1,1,1,1,0.90909,0.90909,1,0.90909,0.83333,0.83333,0.76923
1,1,0.90909,0.90909,1,1,0.90909,1,0.83333,0.90909,0.83333,0.90909,0.76923,0.58824,0.55556,0.55556,0.5,0.52632,0.41667,0.38462
0.6,0.8,0.9,0.9,0.8,0.8,0.9,1,1,0.8,0.9,1,1,0.9,1,0.9,1,0.8,0.90909,0.9
1,1,1,1,1,1,1,1,1,1,1,1,1,1,0.90909,1,1,0.90909,1,0.90909
0,0,0,0,0,0,0,0,0,0,0,0,0,0,0,0,0,0,0,0
1,1,1,1,1,1,0.90909,1,0.71429,0.90909,0.83333,0.90909,0.83333,0.90909,0.83333,0.83333,0.66667,0.83333,0.58824,0.625
1,1,1,1,1,1,1,1,1,1,1,1,0.90909,0.90909,1,1,0.83333,0.83333,1,0.90909
1,1,1,1,1,1,0.9,1,0.9,1,1,1,1,1,1,1,0.9,1,1,1
1,1,1,1,1,1,1,1,1,1,1,1,1,1,1,1,1,1,1,0.83333
1,1,1,1,1,1,1,1,1,1,1,1,1,1,1,1,1,1,1,1
1,1,1,0.90909,1,1,0.90909,1,1,1,0.76923,0.76923,0.83333,0.83333,1,0.90909,0.83333,0.58824,0.58824,0.71429
1,1,1,1,1,1,1,1,1,1,0.83333,0.90909,0.90909,0.90909,1,1,0.90909,0.71429,0.76923,0.66667
1,1,1,1,1,1,1,1,1,0.90909,0.90909,0.90909,0.90909,1,0.76923,0.83333,0.90909,0.76923,0.83333,0.83333
1,1,1,1,1,1,1,1,1,1,1,1,0.90909,0.90909,0.90909,0.76923,0.90909,0.83333,0.83333,0.83333
1,1,1,1,0.90909,1,1,0.90909,1,1,1,0.90909,0.90909,0.83333,0.90909,0.83333,0.90909,0.71429,0.90909,0.90909
1,1,0.9,1,1,1,1,1,1,1,1,1,1,1,1,1,1,0.90909,1,1
1,1,1,1,1,1,1,1,1,1,0.83333,1,1,1,0.76923,0.76923,0.90909,0.76923,0.90909,0.76923
1,1,0.90909,0.90909,1,1,0.90909,0.90909,0.83333,0.83333,0.83333,0.76923,1,0.76923,0.71429,0.76923,0.76923,0.71429,0.83333,0.625
1,1,1,1,1,1,0.90909,0.90909,1,0.83333,1,0.90909,0.90909,0.90909,0.83333,0.83333,0.76923,0.66667,0.66667,0.71429
1,1,1,1,1,1,1,1,1,0.76923,1,0.83333,1,0.90909,0.90909,0.83333,0.76923,0.83333,0.76923,0.71429
1,1,0.90909,1,0.90909,0.83333,0.83333,1,0.90909,0.90909,0.52632,0.55556,0.52632,0.41667,0.43478,0.5,0.47619,0.30303,0.29412,0.29412
0.9,1,1,1,1,1,1,1,0.9,1,1,1,0.9,1,1,1,0.9,0.9,0.9,0.9
1,0.9,1,1,1,1,1,1,0.90909,1,1,1,0.90909,1,0.76923,0.90909,0.90909,0.71429,0.76923,0.71429
0,0,0,0,0,0,0,0,0,0,0,0,0,0,0,0,0,0,0,0
0.6,0.6,0.7,0.9,0.8,0.9,0.7,0.8,0.9,0.8,0.9,0.8,0.8,0.8,1,0.7,0.8,0.8,0.8,0.9
1,1,1,1,1,1,1,1,0.90909,1,1,1,0.90909,1,1,0.90909,0.76923,0.90909,0.76923,0.90909
1,1,1,1,1,1,1,1,1,1,1,1,1,1,1,1,1,1,1,1
1,1,1,0.90909,1,1,1,0.90909,0.90909,0.76923,0.90909,0.83333,0.76923,0.83333,0.76923,0.58824,0.52632,0.43478,0.43478,0.43478
1,1,1,1,0.90909,1,0.90909,0.83333,0.76923,0.90909,0.625,0.66667,0.43478,0.66667,0.45455,0.37037,0.32258,0.3125,0.26316,0.37037
1,1,1,0.90909,0.90909,1,1,0.90909,0.90909,0.83333,0.90909,1,0.76923,0.71429,0.83333,0.66667,0.71429,0.58824,0.58824,0.52632
1,1,1,0.90909,1,1,0.90909,0.83333,0.83333,0.625,0.76923,0.625,0.76923,0.47619,0.41667,0.47619,0.43478,0.45455,0.35714,0.34483
1,0.90909,0.90909,0.90909,1,1,0.83333,1,0.90909,0.90909,0.76923,0.83333,0.90909,0.83333,0.625,0.66667,0.58824,0.58824,0.625,0.4
1,1,1,1,1,1,1,0.9,1,1,1,0.81818,1,0.83333,0.83333,0.90909,1,0.90909,0.83333,0.69231
1,0.90909,1,0.90909,1,0.83333,1,1,1,1,0.83333,0.90909,0.71429,0.66667,0.66667,0.76923,0.58824,0.55556,0.43478,0.55556
1,1,1,1,1,1,1,0.90909,0.83333,1,0.76923,0.58824,0.52632,0.45455,0.35714,0.43478,0.37037,0.29412,0.27027,0.34483
1,1,1,1,1,1,1,1,1,1,1,1,0.9,1,1,0.9,1,1,0.9,1
1,1,0.90909,1,0.90909,1,0.90909,1,1,0.90909,0.76923,0.76923,0.71429,0.625,0.55556,0.58824,0.66667,0.47619,0.45455,0.38462
1,1,1,0.83333,0.83333,0.90909,1,0.52632,0.83333,0.47619,0.76923,0.41667,0.37037,0.27778,0.32258,0.30303,0.30303,0.25641,0.25641,0.22222
0.9,0.9,0.9,0.9,1,0.8,0.9,1,1,0.9,1,0.9,1,1,1,0.9,1,0.8,0.90909,0.9
1,1,1,1,1,1,1,0.90909,0.90909,0.90909,1,0.76923,0.83333,0.76923,0.76923,0.90909,0.90909,0.76923,0.66667,0.71429
1,1,1,0.90909,0.83333,0.90909,1,1,0.90909,0.90909,0.66667,0.71429,0.76923,0.90909,0.76923,0.625,0.71429,0.76923,0.76923,0.52632
1,1,1,1,0.90909,1,0.625,0.71429,0.47619,0.58824,0.43478,0.29412,0.34483,0.32258,0.2439,0.25641,0.32258,0.2439,0.2439,0.23256
1,0.9,0.9,0.9,0.9,0.9,0.9,0.9,0.9,1,1,0.9,1,1,0.9,1,1,1,1,1
1,1,1,1,1,0.90909,0.76923,1,1,0.76923,1,1,0.90909,0.83333,0.71429,0.83333,0.76923,0.90909,0.83333,0.76923
1,1,1,1,1,1,1,1,1,1,1,1,1,1,1,1,1,1,1,0.90909
1,1,1,1,1,0.90909,1,0.76923,0.83333,0.90909,0.83333,0.76923,1,1,0.90909,0.90909,0.71429,0.66667,0.71429,0.5
1,1,1,1,1,0.90909,1,1,1,1,0.83333,1,0.76923,0.66667,0.66667,0.90909,0.83333,0.76923,0.71429,0.66667
1,1,1,1,1,1,1,1,1,0.83333,1,1,0.90909,0.90909,0.83333,1,0.90909,0.66667,0.90909,0.83333
0,0,0,0,0,0,0,0,0,0,0,0,0,0,0,0,0,0,0,0
1,1,1,1,1,1,1,1,1,1,1,1,1,0.90909,0.90909,0.90909,0.83333,0.66667,0.83333,0.76923
1,1,1,1,1,1,1,1,1,1,1,1,1,1,1,0.90909,1,0.90909,1,1
0.9,0.9,0.9,0.9,0.9,0.9,0.9,0.9,0.9,0.9,0.9,0.9,0.8,0.9,0.9,0.8,0.9,0.9,0.9,0.9
1,1,1,1,1,1,1,1,1,0.90909,0.90909,0.83333,0.90909,0.83333,1,0.90909,0.71429,0.90909,0.66667,0.58824
1,1,1,1,1,1,1,1,1,1,1,1,1,1,1,0.90909,0.83333,1,0.90909,0.90909
1,1,1,1,1,1,1,1,1,0.90909,1,1,0.83333,0.66667,0.76923,0.71429,0.66667,0.76923,0.83333,0.52632
1,1,1,1,1,0.9,1,1,1,1,1,1,1,1,1,1,1,1,1,0.9
0.8,1,0.9,0.9,1,1,0.9,1,1,1,1,1,1,1,1,1,1,1,0.9,0.83333
1,1,1,0.90909,1,1,0.83333,1,1,0.83333,1,0.90909,0.66667,0.83333,0.90909,0.90909,0.76923,0.76923,0.83333,0.76923
0.5,0.6,0.6,0.6,0.9,0.5,1,0.9,0.9,0.8,0.8,0.8,0.9,0.8,0.9,0.9,0.7,0.8,1,0.7
1,1,1,0.9,0.9,1,1,1,1,1,0.9,1,1,1,1,0.9,1,1,1,1
1,1,1,1,1,1,1,0.90909,1,0.83333,1,1,0.90909,0.90909,0.90909,0.66667,0.90909,0.58824,0.52632,0.58824
1,1,1,1,1,0.83333,0.71429,1,0.83333,0.90909,0.83333,0.71429,0.71429,0.71429,0.625,0.55556,0.5,0.45455,0.47619,0.45455
1,1,1,1,1,1,1,1,1,1,0.90909,0.90909,1,1,1,0.76923,0.83333,0.83333,0.90909,0.76923
1,1,1,1,0.9,1,1,1,1,1,1,1,1,1,1,1,1,1,1,1
1,1,1,1,1,1,1,1,1,1,1,1,1,1,1,1,1,1,0.90909,1
1,1,1,1,1,0.90909,0.83333,0.90909,0.66667,0.83333,0.71429,0.58824,0.5,0.45455,0.45455,0.45455,0.41667,0.34483,0.3125,0.34483
1,1,1,1,1,1,1,1,1,1,0.83333,1,0.90909,0.71429,1,0.76923,0.83333,1,0.83333,0.90909
1,1,1,1,1,1,1,0.90909,1,1,0.90909,0.76923,0.90909,0.76923,1,0.90909,0.83333,0.83333,1,0.90909
1,1,1,1,0.9,1,1,1,0.9,1,1,1,0.9,1,1,1,1,1,1,1
0.9,0.9,0.9,0.9,0.9,0.9,1,0.9,0.9,0.9,0.8,0.8,0.9,0.9,0.9,1,0.8,0.9,1,1
1,1,1,1,0.90909,0.90909,0.83333,0.90909,0.83333,0.71429,0.90909,0.83333,0.83333,0.90909,0.71429,0.76923,0.83333,0.90909,0.71429,0.58824
1,1,1,1,0.90909,1,1,0.90909,1,1,0.83333,1,0.90909,0.90909,0.90909,0.83333,0.76923,0.83333,0.90909,0.76923
1,1,1,1,1,1,1,1,0.90909,0.83333,1,0.90909,0.90909,0.90909,0.76923,0.66667,0.76923,0.83333,0.83333,0.83333
1,1,1,0.90909,0.90909,0.76923,1,0.625,0.55556,0.55556,0.42857,0.38462,0.47619,0.32258,0.37037,0.34483,0.2439,0.25,0.2381,0.21739
1,1,1,1,1,1,1,0.83333,0.90909,0.83333,0.90909,0.81818,0.83333,0.76923,0.64286,0.58824,0.5,0.45,0.52632,0.4
1,1,0.90909,1,1,1,0.90909,0.625,0.76923,0.625,0.45455,0.5,0.38462,0.34483,0.37037,0.29412,0.33333,0.2381,0.2439,0.22727
0.5,0.6,0.8,0.8,0.9,0.8,0.8,0.8,0.9,1,0.7,0.8,0.8,0.9,0.9,0.8,0.9,0.9,0.72727,0.9
1,1,1,1,1,1,0.90909,0.90909,1,0.90909,0.83333,0.83333,0.83333,0.66667,0.83333,0.71429,0.55556,0.55556,0.5,0.52632
1,1,1,1,1,0.90909,0.90909,0.66667,0.52632,0.45455,0.41667,0.35714,0.30303,0.4,0.29412,0.32258,0.28571,0.2381,0.29412,0.22727
1,1,1,1,0.90909,0.76923,0.90909,0.83333,0.83333,0.83333,1,1,0.90909,0.71429,0.76923,0.66667,0.83333,0.83333,0.83333,0.625
1,1,1,1,1,1,0.90909,0.90909,1,1,1,0.90909,0.90909,0.90909,0.83333,0.83333,0.71429,0.76923,0.90909,0.76923
1,1,1,1,1,1,1,1,1,1,1,1,1,1,1,1,0.90909,1,0.90909,0.76923
1,1,1,1,1,1,1,1,1,1,1,0.90909,1,0.90909,1,1,1,0.90909,0.90909,0.83333
1,1,1,0.90909,0.90909,1,0.83333,0.90909,0.83333,0.90909,0.90909,0.90909,0.66667,0.83333,0.76923,0.83333,0.71429,0.55556,0.55556,0.52632
1,1,1,1,1,1,1,0.90909,1,1,0.90909,0.90909,1,0.76923,1,0.83333,0.83333,0.76923,0.90909,0.76923
1,1,1,1,0.9,1,1,1,1,1,0.9,0.9,0.9,0.8,1,1,1,1,1,1
1,1,1,1,1,0.90909,1,1,1,0.90909,0.90909,1,0.90909,0.90909,0.83333,0.76923,0.76923,0.83333,0.76923,0.66667
1,1,1,1,0.90909,0.83333,0.76923,0.76923,0.83333,0.76923,0.83333,0.83333,0.66667,0.90909,1,0.625,0.66667,0.58824,0.58824,0.625
1,1,1,1,1,1,1,1,1,0.76923,0.90909,0.90909,1,0.83333,0.90909,0.83333,0.90909,0.76923,0.83333,0.81818
1,1,1,1,1,1,1,1,1,1,1,1,1,1,1,1,1,1,0.90909,1
1,1,1,0.90909,1,1,1,1,0.90909,0.90909,0.90909,0.83333,0.76923,0.71429,0.90909,0.83333,0.76923,0.83333,0.66667,0.71429
1,1,1,1,1,1,1,0.83333,1,1,1,1,1,0.90909,0.90909,0.83333,0.83333,0.76923,0.83333,0.76923
1,1,0.9,1,1,1,1,1,1,1,1,1,1,1,0.9,1,1,1,1,0.9
1,1,1,1,1,1,1,1,1,1,1,1,0.9,1,1,1,1,1,0.90909,1
1,1,1,1,1,1,0.90909,1,1,0.83333,1,0.76923,0.90909,0.76923,0.66667,0.71429,0.76923,0.66667,0.55556,0.5
1,1,1,1,1,1,1,0.90909,1,0.90909,1,0.76923,0.90909,0.76923,0.71429,0.625,0.71429,0.66667,0.52632,0.52632
1,1,1,1,1,1,1,1,1,1,1,1,0.83333,0.90909,0.90909,0.76923,0.83333,0.90909,0.90909,0.83333
1,1,1,1,1,1,1,1,0.90909,0.83333,1,0.83333,1,0.90909,0.76923,0.83333,0.76923,0.90909,0.76923,0.66667
0,0,0,0,0,0,0,0,0,0,0,0,0,0,0,0,0,0,0,0
1,1,1,1,1,1,1,1,0.90909,0.90909,0.90909,0.83333,0.71429,0.76923,0.83333,1,0.76923,0.58824,0.90909,0.90909
0,0,0,0,0,0,0,0,0,0,0,0,0,0,0,0,0,0,0,0
1,1,1,1,1,0.90909,1,1,1,1,1,0.90909,1,0.66667,0.71429,0.76923,0.58824,0.58824,0.66667,0.47619
1,1,1,1,1,1,1,0.90909,1,1,1,0.90909,0.90909,0.90909,0.90909,1,0.90909,0.90909,0.76923,0.83333
0.9,1,1,1,0.9,1,1,1,1,0.9,1,1,0.9,1,1,1,1,1,1,1
1,1,1,1,0.76923,1,0.90909,0.90909,0.90909,0.83333,0.625,0.71429,0.66667,0.58824,0.5,0.41667,0.43478,0.37037,0.41667,0.33333
1,1,0.9,1,1,0.9,1,1,1,0.9,1,1,1,1,1,0.9,1,0.9,1,0.9
1,1,1,1,1,1,1,1,1,1,1,0.90909,1,1,1,0.90909,0.90909,0.83333,0.71429,0.83333
1,1,1,1,0.9,1,1,1,1,1,1,1,1,1,1,1,1,1,1,1
1,1,1,1,1,1,1,1,1,1,1,1,1,1,1,0.90909,1,1,1,1
1,1,1,0.90909,1,1,0.90909,1,0.83333,1,0.90909,0.71429,0.83333,0.76923,0.71429,0.5,0.55556,0.58824,0.45455,0.4
1,1,1,1,1,1,0.83333,0.83333,0.83333,0.83333,0.625,0.71429,0.58824,0.38462,0.43478,0.4,0.5,0.4,0.35714,0.30303
0.9,1,1,1,1,0.9,1,0.9,0.8,0.9,1,0.9,1,0.9,0.9,1,1,1,1,1
1,1,1,1,1,1,1,1,1,1,1,1,1,1,1,1,1,1,1,1
1,1,1,1,1,0.90909,0.90909,1,0.90909,0.90909,0.90909,0.76923,1,0.83333,1,0.76923,0.83333,0.76923,0.83333,0.76923
1,1,1,1,1,1,1,1,1,1,0.83333,0.90909,1,0.83333,1,0.71429,0.90909,0.83333,0.71429,0.71429
1,1,1,1,1,1,0.90909,0.83333,0.90909,0.90909,0.90909,0.90909,0.90909,0.76923,0.90909,0.66667,0.83333,0.83333,0.71429,0.625
1,1,1,1,1,1,1,1,1,1,1,1,1,1,1,0.90909,1,0.90909,1,1
1,1,1,1,1,1,1,1,1,1,0.83333,0.90909,1,1,0.76923,0.90909,1,0.76923,0.66667,0.76923
1,1,1,1,1,0.90909,0.76923,0.83333,0.71429,0.83333,0.83333,0.625,0.625,0.625,0.35714,0.41667,0.33333,0.32258,0.3125,0.27778
1,1,1,1,1,0.90909,1,0.90909,0.90909,1,1,0.90909,0.90909,0.90909,0.76923,0.83333,0.66667,0.71429,0.71429,0.90909
1,1,1,1,1,0.83333,0.90909,0.83333,0.83333,0.76923,0.58824,0.52632,0.5,0.41667,0.5,0.32258,0.35714,0.35714,0.34483,0.3125
1,1,1,1,1,1,1,0.83333,0.76923,1,0.90909,0.71429,0.90909,0.71429,0.66667,0.66667,0.52632,0.625,0.52632,0.4
1,1,1,1,1,1,1,1,1,1,1,0.90909,1,0.9,0.83333,0.90909,0.83333,0.90909,0.76923,1
1,1,1,1,1,1,1,1,0.83333,0.71429,0.76923,0.90909,0.71429,0.625,0.90909,0.55556,0.58824,0.41667,0.52632,0.5
1,1,1,1,1,0.83333,0.90909,0.76923,0.90909,0.90909,1,0.83333,0.83333,1,0.83333,0.71429,0.66667,0.625,0.625,0.71429
1,1,1,1,1,0.90909,1,0.90909,1,0.90909,1,0.76923,0.90909,0.90909,0.71429,0.76923,0.71429,0.76923,0.71429,0.83333
1,1,0.90909,1,1,0.90909,1,0.76923,0.90909,0.90909,0.83333,0.76923,0.76923,0.58824,0.76923,0.55556,0.5,0.47619,0.47619,0.5
1,1,1,1,1,1,1,1,1,0.90909,1,1,1,1,0.90909,0.90909,0.90909,1,0.90909,0.76923
1,1,1,1,0.90909,0.90909,1,0.90909,0.83333,0.76923,0.83333,1,0.76923,0.83333,0.76923,0.66667,0.52632,0.76923,0.625,0.66667
1,1,1,1,1,1,1,1,1,0.90909,1,0.83333,1,0.90909,1,0.90909,0.83333,0.83333,0.76923,0.71429
1,1,1,1,1,1,1,1,1,0.9,1,0.9,1,0.9,1,1,0.9,0.9,1,1
1,1,1,1,1,1,1,1,0.9,1,0.9,0.9,1,1,1,0.9,1,0.9,1,1
1,1,1,1,1,1,1,1,1,1,1,1,1,1,1,1,0.9,0.9,1,0.9
1,1,1,1,1,1,1,1,1,1,1,1,1,1,1,1,1,1,0.83333,0.90909
1,1,1,1,1,1,1,1,1,1,1,1,1,1,1,1,1,1,1,1
1,1,1,1,1,0.9,1,1,1,1,1,1,1,1,1,1,0.76923,1,1,0.90909
1,1,1,1,0.90909,0.90909,1,0.90909,1,0.90909,0.90909,0.76923,1,0.90909,1,0.76923,1,0.90909,0.71429,0.76923
1,1,1,1,1,1,0.90909,0.90909,0.83333,0.90909,0.90909,0.76923,0.76923,0.625,0.76923,0.43478,0.52632,0.66667,0.52632,0.47619
1,1,1,0.90909,1,1,0.90909,1,1,1,1,0.90909,1,1,0.83333,0.76923,0.83333,0.90909,0.76923,0.83333
1,1,1,1,0.90909,0.90909,0.90909,0.90909,0.83333,0.90909,0.90909,0.52632,0.625,0.55556,0.45455,0.5,0.34483,0.43478,0.35714,0.37037
1,1,1,1,1,1,1,1,1,1,1,1,1,0.90909,1,1,0.83333,0.90909,1,0.76923
1,1,1,1,1,1,1,0.83333,1,0.71429,0.71429,0.58824,0.4,0.58824,0.45455,0.5,0.52632,0.34483,0.33333,0.34483
1,0.9,1,1,1,1,1,1,1,1,0.9,1,1,1,0.9,0.9,1,0.9,0.9,0.9
1,1,1,1,0.90909,1,1,0.90909,1,1,1,0.83333,0.76923,0.83333,0.90909,0.83333,0.90909,0.71429,0.83333,0.83333
1,1,1,1,1,1,1,0.90909,1,1,0.76923,1,0.90909,0.71429,0.90909,0.90909,0.76923,0.71429,0.71429,0.625
1,1,1,1,1,1,1,1,0.83333,1,0.90909,1,0.90909,1,0.76923,0.90909,1,0.90909,0.76923,0.90909
1,1,1,1,1,0.90909,0.90909,1,1,0.90909,1,1,0.83333,0.90909,0.83333,1,0.83333,0.66667,0.83333,0.71429
1,1,1,1,1,1,1,1,1,1,1,0.83333,0.90909,0.83333,0.90909,0.90909,0.90909,0.76923,0.55556,0.58824
1,1,1,1,1,1,1,1,1,1,1,0.90909,0.90909,0.90909,0.90909,0.90909,0.83333,0.90909,0.90909,0.76923
1,1,1,1,1,1,1,1,0.90909,0.90909,0.90909,1,0.90909,0.71429,1,0.90909,0.76923,1,0.76923,0.90909
1,1,1,1,1,1,1,1,1,0.90909,1,1,0.90909,0.90909,1,0.83333,0.76923,0.76923,0.90909,0.83333
1,1,1,1,1,1,1,1,1,1,1,1,1,1,1,1,1,1,1,0.90909
1,1,1,1,1,1,1,1,1,1,1,1,1,1,1,1,1,1,1,1
0.6,1,0.9,0.9,0.9,1,1,1,1,0.8,1,1,1,1,0.9,0.9,1,0.9,0.9,1
1,1,1,1,1,1,1,1,1,1,0.90909,1,0.90909,1,0.90909,0.83333,1,0.76923,0.90909,1
1,1,1,0.90909,1,1,1,1,0.90909,1,0.90909,0.71429,1,0.90909,0.90909,0.66667,0.66667,0.52632,0.55556,0.43478
1,1,1,1,1,1,1,1,1,1,1,1,1,0.90909,1,1,1,0.90909,0.90909,1
0.9,0.9,0.9,1,0.9,0.9,1,0.81818,1,0.81818,0.64286,0.6,0.71429,0.66667,0.55556,0.375,0.41667,0.28125,0.32143,0.28125
1,1,1,1,1,1,1,0.90909,0.90909,0.90909,1,0.90909,0.90909,0.90909,1,1,0.90909,1,0.90909,0.90909
0.7,0.7,0.7,0.7,0.8,0.7,0.9,0.8,0.7,0.9,0.8,0.7,0.7,0.8,0.8,0.7,0.8,0.8,0.7,0.9
1,1,1,1,1,1,0.90909,1,0.90909,0.83333,1,1,0.83333,0.90909,0.83333,0.90909,0.90909,0.83333,0.83333,0.71429
1,1,1,1,1,1,1,1,1,1,1,1,1,1,1,1,1,1,1,1
1,1,1,1,1,0.90909,1,1,1,1,1,0.83333,0.90909,0.76923,0.76923,0.71429,0.90909,0.83333,0.625,0.71429
1,1,1,1,1,1,1,1,0.90909,1,1,0.90909,0.90909,0.90909,1,0.90909,0.90909,0.90909,0.76923,0.83333
1,1,1,1,1,1,1,0.83333,0.76923,0.66667,0.5,0.58824,0.37037,0.5,0.45455,0.32258,0.5,0.37037,0.27778,0.3125
1,1,1,1,1,1,0.90909,1,0.90909,1,1,1,0.83333,1,0.90909,1,0.90909,0.90909,0.66667,0.83333
0.9,0.9,0.8,1,0.9,0.9,0.9,1,1,0.90909,1,0.90909,1,0.90909,1,1,0.9,1,1,1
1,1,1,1,1,1,1,0.83333,0.90909,0.90909,0.83333,0.76923,1,0.90909,0.90909,0.83333,0.71429,0.55556,0.625,0.625
1,1,1,0.90909,1,0.90909,0.76923,0.83333,0.83333,1,0.90909,0.71429,0.625,0.71429,0.55556,0.66667,0.625,0.43478,0.45455,0.55556
1,1,1,1,1,1,1,1,1,1,1,1,1,1,1,1,1,1,1,1
1,1,1,1,1,1,1,1,1,1,1,1,0.90909,1,1,0.83333,0.90909,0.83333,0.71429,0.83333
1,1,1,1,1,1,1,1,1,1,1,1,1,1,1,1,0.90909,0.90909,1,0.83333
0.4,0.8,0.8,0.9,0.8,0.7,1,1,1,1,0.9,1,0.81818,0.8,0.72727,0.81818,0.81818,0.81818,0.90909,1
0,0,0,0,0,0,0,0,0,0,0,0,0,0,0,0,0,0,0,0
1,1,0.90909,0.90909,1,1,0.90909,0.90909,0.83333,0.90909,0.83333,0.83333,0.71429,0.58824,0.83333,0.66667,0.66667,0.625,0.52632,0.55556
1,1,1,1,1,1,1,1,1,1,1,1,1,1,1,1,1,1,1,0.9
1,1,1,1,1,1,0.71429,0.71429,0.47619,0.45455,0.41667,0.33333,0.3125,0.32258,0.4,0.28571,0.28571,0.27778,0.2439,0.22222
1,1,1,1,1,1,1,1,1,1,1,1,1,1,0.83333,0.90909,0.90909,1,1,1
1,1,1,1,1,1,1,1,1,1,1,0.83333,0.83333,1,1,0.90909,1,0.76923,0.83333,0.71429
1,1,1,1,1,1,1,1,1,1,1,1,1,1,0.90909,1,0.90909,1,0.83333,0.90909
1,1,1,1,1,1,0.83333,0.83333,1,1,0.83333,0.83333,0.76923,1,0.76923,1,0.90909,0.76923,0.71429,0.71429
1,1,1,1,1,1,0.90909,0.90909,0.90909,0.76923,0.55556,0.55556,0.37037,0.41667,0.38462,0.34483,0.3125,0.35714,0.26316,0.28571
1,1,1,1,1,1,1,0.90909,1,1,1,1,1,0.90909,0.90909,1,0.76923,0.83333,0.83333,0.83333
1,1,1,1,0.9,1,0.9,0.9,0.9,0.9,0.8,0.9,0.9,1,1,0.9,0.9,0.9,0.9,1
1,1,1,1,1,1,1,0.9,0.9,0.9,1,1,1,1,1,1,1,0.9,1,0.9
1,1,1,1,1,0.83333,0.76923,0.83333,0.52632,0.41667,0.45455,0.34483,0.41667,0.32258,0.37037,0.25641,0.26316,0.27027,0.21739,0.26316
1,1,1,1,0.90909,1,1,1,1,0.83333,0.90909,1,0.90909,0.83333,0.58824,0.83333,0.55556,0.52632,0.625,0.5
1,1,1,0.83333,0.90909,0.83333,1,0.90909,1,0.76923,0.76923,0.71429,0.76923,0.83333,0.71429,0.66667,0.71429,0.76923,0.66667,0.625
1,1,1,1,1,1,1,0.90909,0.90909,0.76923,0.90909,0.83333,0.83333,1,0.90909,0.83333,0.90909,0.76923,0.66667,0.625
1,1,1,1,1,1,1,0.90909,0.83333,0.66667,0.71429,0.625,0.66667,0.47619,0.43478,0.43478,0.4,0.37037,0.32258,0.34483
1,1,1,1,1,1,1,1,1,1,1,1,1,1,1,1,0.90909,0.90909,1,1
1,1,1,1,1,1,1,0.90909,0.90909,0.90909,0.90909,0.83333,0.90909,0.83333,0.76923,0.625,0.83333,0.66667,0.71429,0.66667
0,0,0,0,0,0,0,0,0,0,0,0,0,0,0,0,0,0,0,0
1,1,1,1,1,1,1,1,1,1,1,1,1,0.90909,1,1,1,1,1,0.90909
1,1,0.90909,1,1,0.83333,0.90909,1,1,0.83333,0.71429,1,0.66667,0.76923,0.55556,0.58824,0.90909,0.52632,0.43478,0.41667
1,1,1,1,1,1,1,1,1,1,1,1,0.90909,1,1,0.90909,0.90909,0.76923,0.83333,0.90909
1,1,1,1,0.90909,1,1,0.90909,0.76923,0.90909,0.90909,1,0.66667,0.76923,1,0.71429,0.76923,0.55556,0.52632,0.71429
0.6,0.9,0.9,0.9,0.9,0.9,1,1,0.8,1,0.81818,0.9,1,0.81818,0.8,0.81818,1,0.7,1,0.63636
1,1,1,0.90909,1,1,1,1,1,1,0.90909,0.90909,0.90909,0.76923,0.83333,0.66667,0.625,0.71429,0.71429,0.55556
1,1,1,1,1,0.83333,0.90909,0.90909,0.83333,1,0.90909,1,0.83333,0.90909,0.71429,0.71429,0.66667,1,0.90909,0.83333
0.9,0.9,1,0.9,0.9,0.9,0.9,0.9,0.8,1,1,1,0.9,0.9,1,1,0.9,0.9,1,0.9
1,1,1,0.90909,0.90909,1,0.90909,0.90909,0.83333,0.90909,0.90909,0.90909,0.90909,0.90909,0.76923,0.76923,0.71429,0.625,0.71429,0.625
1,1,1,1,1,1,1,1,1,1,1,1,1,0.90909,1,1,0.90909,1,1,0.83333
1,1,1,1,1,1,1,1,1,1,1,1,1,1,1,1,0.83333,1,0.90909,1
1,1,1,1,1,1,1,0.90909,1,1,1,0.90909,0.83333,1,0.83333,0.83333,0.83333,0.71429,1,0.76923
1,1,1,1,0.9,0.9,0.9,0.9,0.9,0.9,0.9,0.9,0.9,0.9,0.9,0.9,0.9,0.9,0.9,0.9
1,1,1,1,1,1,1,1,1,1,1,1,0.90909,0.90909,0.83333,0.90909,0.83333,1,0.66667,0.83333
1,1,1,0.90909,1,1,0.90909,1,1,0.90909,0.83333,0.90909,0.90909,0.90909,0.90909,0.76923,0.83333,0.83333,0.625,0.76923
1,0.9,0.8,0.9,0.8,0.9,0.9,0.9,0.9,1,1,0.8,0.9,0.8,0.9,0.9,1,0.8,0.9,0.9
1,1,1,1,1,1,0.90909,1,0.83333,0.90909,0.76923,0.90909,0.83333,0.83333,0.83333,0.76923,0.83333,1,0.83333,0.66667
1,1,1,1,1,1,1,1,1,1,1,1,0.90909,0.90909,0.76923,0.76923,0.90909,0.83333,0.90909,0.66667
1,1,1,1,1,1,1,1,1,1,1,1,0.83333,1,0.76923,1,0.90909,1,0.83333,0.76923
1,1,1,1,0.83333,1,0.71429,0.71429,0.71429,0.55556,0.43478,0.45455,0.29412,0.30303,0.35714,0.30303,0.27778,0.2439,0.27778,0.23256
1,1,1,1,1,1,1,1,1,0.90909,1,0.90909,0.83333,0.90909,1,0.90909,0.76923,0.76923,0.83333,0.83333
1,1,1,1,1,1,1,1,1,1,1,1,1,1,1,0.90909,0.90909,0.83333,1,1
1,1,1,1,1,1,1,1,1,1,1,1,1,1,0.9,1,1,1,1,1
1,1,1,1,1,1,1,1,1,1,1,1,1,1,0.90909,1,1,0.90909,1,0.83333
1,1,1,1,0.90909,1,0.90909,0.90909,0.76923,0.83333,0.90909,1,0.76923,0.90909,0.90909,0.90909,0.76923,0.83333,0.76923,0.76923
1,1,1,1,1,1,1,1,1,1,1,1,0.83333,0.83333,0.90909,0.90909,0.90909,0.90909,0.90909,1
0.9,0.9,0.8,1,0.9,1,1,1,1,1,1,1,1,1,1,1,1,0.9,1,1
1,1,1,1,1,1,0.90909,0.90909,0.76923,0.83333,0.83333,0.83333,0.66667,0.76923,0.625,0.47619,0.41667,0.38462,0.34483,0.34483
0,0,0,0,0,0,0,0,0,0,0,0,0,0,0,0,0,0,0,0
0.7,0.9,1,1,0.9,0.9,0.8,0.7,1,0.9,0.9,0.8,0.9,0.9,0.9,1,1,0.8,1,0.9
1,1,1,1,1,1,1,1,1,1,1,1,0.90909,1,1,1,0.90909,1,1,0.90909
1,1,1,1,1,1,1,1,1,1,1,1,1,0.81818,0.81818,1,0.90909,0.81818,0.90909,1
1,1,1,1,1,1,1,1,1,1,1,1,1,1,1,1,1,1,1,1
1,1,1,1,1,0.90909,0.90909,0.83333,0.90909,0.83333,0.55556,0.58824,0.52632,0.5,0.45455,0.41667,0.41667,0.38462,0.35714,0.33333
1,1,1,1,1,0.90909,0.90909,0.90909,0.83333,0.66667,0.55556,0.625,0.5,0.55556,0.52632,0.41667,0.5,0.45455,0.33333,0.25641
0.9,0.9,0.9,0.9,1,1,1,1,1,1,1,1,1,1,1,1,1,0.9,1,1
1,0.90909,0.90909,1,1,1,0.83333,1,0.76923,0.76923,0.76923,0.90909,0.83333,0.76923,0.90909,0.52632,0.71429,0.55556,0.625,0.43478
0.9,0.9,0.9,1,0.9,1,0.8,1,0.9,0.9,1,1,1,0.9,0.9,1,1,1,1,1
1,1,1,1,1,1,1,1,1,0.9,1,1,1,1,1,1,0.8,1,0.90909,0.90909
1,1,1,1,1,1,1,0.90909,0.90909,1,0.90909,0.90909,0.83333,0.90909,0.66667,0.58824,0.55556,0.55556,0.55556,0.4
1,1,1,1,1,1,1,1,1,1,1,1,1,1,1,1,1,1,1,1
1,1,1,1,1,1,1,1,1,1,1,1,1,1,1,0.9,0.9,1,0.9,1
1,1,1,1,1,0.90909,0.90909,0.83333,0.90909,0.83333,1,0.83333,0.90909,0.76923,0.83333,0.83333,0.66667,0.71429,0.90909,0.58824
0.9,1,1,1,1,1,1,0.90909,1,1,0.90909,1,1,0.90909,0.83333,0.83333,0.83333,0.90909,0.76923,0.90909
1,1,1,1,1,0.90909,0.90909,0.90909,1,1,0.83333,1,0.83333,0.90909,0.71429,0.90909,0.76923,0.71429,0.90909,0.58824
1,1,1,1,1,1,1,1,1,1,1,1,1,1,1,1,1,1,1,1
1,1,1,1,0.83333,0.83333,0.83333,1,0.90909,1,0.76923,0.90909,1,0.90909,0.90909,0.66667,0.71429,0.66667,1,0.71429
1,1,1,1,1,1,0.90909,0.90909,0.90909,1,0.90909,1,0.76923,0.83333,0.90909,0.71429,0.90909,0.83333,0.71429,0.76923
1,1,1,1,1,1,0.9,0.9,0.9,1,0.9,0.90909,1,0.9,0.9,1,0.81818,0.9,0.9,1
0.9,1,1,0.9,1,1,0.9,1,1,1,1,1,0.9,1,1,1,1,1,1,1
1,1,1,1,1,1,1,1,1,1,1,1,1,1,1,1,0.83333,0.90909,0.90909,0.83333
1,1,1,1,1,1,1,1,1,1,0.90909,1,0.90909,0.90909,0.90909,0.90909,0.83333,0.76923,1,0.90909
1,1,1,1,1,1,1,1,1,1,1,1,1,1,1,0.90909,0.90909,0.90909,0.90909,0.90909
1,1,1,1,1,1,0.9,1,1,1,1,1,1,1,1,0.90909,1,1,1,0.90909
1,1,1,1,1,0.90909,1,1,1,1,1,1,1,0.83333,1,0.90909,0.83333,1,0.76923,0.58824
1,1,1,1,1,1,1,1,1,1,1,1,0.90909,1,0.90909,0.90909,0.76923,0.71429,0.625,0.71429
1,1,1,1,0.90909,0.83333,1,0.76923,0.76923,0.71429,0.55556,0.71429,0.47619,0.5,0.37037,0.5,0.45455,0.34483,0.29412,0.26316
1,1,1,1,1,1,0.83333,1,0.90909,1,0.76923,0.76923,0.90909,0.83333,0.76923,0.83333,0.90909,0.76923,0.71429,0.90909
1,1,1,1,1,1,1,1,0.90909,1,1,1,0.90909,0.83333,0.76923,1,0.76923,0.76923,0.83333,0.76923
1,1,1,1,1,1,1,0.90909,0.83333,0.76923,0.83333,1,0.76923,0.76923,0.83333,0.625,0.5,0.66667,0.5,0.625
1,1,1,1,1,1,1,1,1,0.90909,1,1,0.90909,0.76923,0.76923,1,0.83333,0.83333,0.83333,0.90909
1,1,1,0.90909,1,1,0.90909,1,1,0.83333,0.90909,0.83333,1,0.76923,0.90909,0.83333,0.76923,0.90909,0.71429,0.66667
1,1,1,1,1,1,1,1,0.69231,0.625,0.5625,0.69231,0.58824,0.625,0.52632,0.47619,0.43478,0.27273,0.45,0.34615
1,1,1,1,1,1,1,1,1,1,0.83333,0.90909,1,1,0.90909,0.90909,0.90909,0.66667,0.90909,0.90909
0.4,0.9,0.9,0.9,0.9,0.9,0.9,0.9,0.9,1,1,0.75,0.90909,1,1,0.9,0.81818,0.81818,0.83333,0.9
1,1,1,1,1,1,1,1,1,1,1,1,1,1,0.90909,1,0.90909,0.83333,0.90909,1
1,1,1,1,1,1,1,1,1,1,1,1,1,1,1,0.90909,1,1,0.83333,0.90909
1,1,1,1,1,1,0.90909,0.83333,0.90909,0.90909,0.625,0.5,0.55556,0.45455,0.43478,0.41667,0.34483,0.3125,0.27778,0.26316
1,1,1,1,1,1,1,1,1,1,0.76923,0.90909,0.76923,1,0.90909,0.76923,0.90909,0.90909,0.83333,0.83333
1,1,1,1,1,1,1,1,1,1,1,1,1,1,1,1,1,1,0.83333,0.90909
0.9,0.9,0.81818,0.81818,0.9,0.9,0.69231,0.9,0.9,0.75,0.81818,0.64286,0.69231,0.75,0.52941,0.5,0.5,0.69231,0.45,0.4
1,1,1,1,0.90909,1,1,0.90909,0.90909,0.90909,0.90909,0.90909,1,0.76923,0.90909,0.76923,0.83333,0.66667,0.71429,0.76923
1,1,1,1,1,1,0.83333,1,0.83333,0.83333,0.90909,0.83333,1,0.76923,0.90909,0.76923,0.83333,0.83333,0.76923,0.71429
1,1,1,1,1,1,0.90909,1,1,0.90909,1,1,1,0.90909,1,0.90909,0.76923,1,0.71429,1
1,1,1,1,1,0.90909,0.90909,0.83333,0.83333,0.90909,0.76923,0.90909,0.83333,0.90909,0.66667,0.71429,0.5,0.76923,0.43478,0.71429
1,1,1,1,1,1,1,1,1,1,1,1,1,1,1,1,0.90909,1,1,1
1,1,1,1,1,1,1,0.90909,1,0.90909,1,1,0.90909,1,0.76923,0.76923,0.90909,0.71429,0.76923,0.76923
1,1,1,1,1,1,0.90909,1,0.90909,1,1,0.90909,1,0.76923,0.83333,0.90909,0.76923,0.625,0.76923,0.625
0.9,1,1,1,0.9,1,1,1,1,1,1,1,1,0.9,1,1,0.90909,1,0.81818,1
1,1,1,1,1,0.9,1,1,0.9,1,1,1,1,1,1,1,1,0.83333,1,1
1,1,0.9,0.9,1,1,1,1,1,1,1,1,1,1,1,0.9,0.9,0.9,1,1
1,1,1,1,1,1,1,1,0.83333,0.90909,1,0.90909,1,0.90909,0.83333,0.83333,0.76923,0.76923,0.83333,0.83333
1,1,1,1,1,1,1,1,1,1,1,1,1,1,1,1,1,1,1,1
0.5,0.5,0.7,0.7,0.6,0.7,0.9,0.8,0.6,0.7,0.8,0.9,0.7,0.7,0.9,0.9,0.9,0.9,0.9,0.9
1,1,1,1,1,1,1,1,1,0.90909,1,1,1,1,0.90909,1,0.90909,0.90909,0.90909,0.83333
1,1,1,1,1,1,1,1,1,1,1,1,1,0.9,1,0.9,1,1,1,0.90909
1,1,1,1,0.90909,1,1,0.90909,1,0.90909,0.90909,0.76923,0.90909,0.90909,1,0.66667,0.83333,0.90909,0.52632,0.76923
1,1,1,1,1,1,1,1,1,1,1,1,1,1,0.90909,0.90909,1,0.83333,0.83333,1
1,1,1,1,0.90909,0.90909,0.90909,0.90909,0.76923,0.90909,0.83333,0.52632,0.52632,0.33333,0.55556,0.38462,0.38462,0.28571,0.4,0.33333
0.6,0.7,0.9,0.9,0.8,0.9,0.8,0.7,0.7,0.9,0.9,0.9,0.8,0.7,0.9,1,0.9,0.9,1,1
0.7,0.9,0.9,0.8,0.8,0.9,1,1,0.8,0.9,0.8,1,0.9,0.9,0.8,1,0.8,0.8,0.9,0.9
0.9,0.9,0.9,0.9,0.9,0.9,0.8,0.9,0.9,0.9,0.9,0.9,0.9,0.9,0.9,1,0.75,1,0.9,1
1,1,1,1,0.90909,0.76923,1,0.83333,0.90909,0.71429,0.83333,0.90909,0.90909,1,0.71429,0.83333,0.66667,0.66667,0.71429,0.52632
0.9,0.9,1,0.9,1,0.8,0.9,1,0.9,0.9,0.9,1,0.9,1,0.9,0.9,0.9,1,1,0.9
1,1,1,1,1,1,1,1,1,1,0.90909,0.83333,0.83333,1,0.83333,0.90909,0.90909,0.83333,1,0.83333
0.5,0.8,1,1,0.9,0.9,0.9,0.7,1,1,1,0.9,0.8,1,1,1,0.90909,1,1,0.72727
0.90909,0.90909,0.90909,0.9,0.9,0.83333,0.81818,1,0.83333,0.90909,0.81818,0.90909,1,0.69231,0.83333,0.66667,0.83333,0.5,0.45455,0.5
1,1,1,1,1,1,1,1,1,1,1,1,1,1,0.90909,1,1,0.90909,0.90909,0.90909
1,1,1,1,1,1,1,1,0.90909,1,0.90909,1,0.83333,0.76923,1,1,0.90909,0.90909,0.83333,0.71429
1,1,1,1,0.9,1,1,1,1,1,1,1,1,1,1,0.9,1,1,1,1
1,1,1,1,1,0.90909,1,0.90909,1,0.83333,0.83333,0.90909,0.83333,0.625,0.625,0.83333,0.625,0.66667,0.45455,0.625
1,1,1,0.90909,0.90909,0.83333,1,0.83333,0.76923,0.90909,0.90909,0.90909,0.83333,0.71429,0.71429,0.83333,0.83333,0.52632,0.55556,0.52632
1,1,1,0.90909,1,1,1,0.90909,0.90909,0.90909,0.90909,0.71429,0.76923,0.76923,0.90909,0.76923,1,0.90909,0.83333,0.90909
1,1,1,1,1,1,1,1,1,0.90909,1,1,0.90909,0.71429,0.90909,0.90909,0.90909,0.71429,1,0.90909
0.7,0.8,0.9,0.9,0.9,0.9,0.9,0.9,0.8,0.9,0.8,0.8,0.9,0.8,0.9,0.7,0.8,0.9,0.7,0.8
1,1,1,1,0.9,1,1,1,0.9,1,1,1,1,1,1,1,1,1,0.9,1
1,1,1,0.90909,0.90909,1,0.90909,0.76923,0.90909,0.90909,0.71429,0.76923,0.76923,0.76923,0.66667,0.76923,0.83333,0.625,0.625,0.55556
1,1,1,1,1,1,1,0.90909,0.90909,0.76923,0.83333,1,0.90909,0.83333,0.83333,0.83333,0.71429,0.76923,0.90909,0.90909
1,1,1,1,1,1,1,1,1,1,1,1,1,0.76923,0.90909,1,0.83333,0.90909,0.90909,0.90909
1,1,1,1,1,1,0.90909,0.9,1,0.69231,0.76923,0.83333,0.76923,0.90909,0.75,1,0.9,0.75,0.5,0.76923
1,1,1,1,1,1,1,1,1,1,1,0.9,1,1,0.9,1,1,1,1,1
1,1,1,1,1,1,1,1,1,1,1,1,1,1,1,1,0.90909,1,1,1
0.9,0.9,1,0.9,1,0.9,0.8,1,0.9,1,0.9,1,1,0.72727,0.9,1,1,1,1,0.90909
1,1,1,1,1,1,1,1,1,1,1,1,1,1,1,1,0.90909,1,0.90909,0.90909
1,1,1,1,1,1,1,1,0.90909,1,0.90909,0.90909,0.83333,0.90909,0.90909,0.90909,0.71429,0.71429,0.76923,0.71429
1,1,1,1,1,0.90909,1,0.90909,0.90909,1,1,1,0.83333,0.90909,0.90909,0.83333,0.90909,0.90909,0.90909,0.90909
1,1,1,1,1,1,1,1,0.90909,1,1,0.83333,0.83333,0.76923,0.58824,0.625,0.66667,0.71429,0.58824,0.58824
0.9,0.9,0.9,0.9,0.9,0.9,0.9,0.9,0.9,0.9,0.9,0.9,0.9,0.9,0.9,0.9,0.9,0.9,0.9,0.9
0.8,0.9,0.9,1,1,1,1,0.9,0.9,1,0.9,1,0.90909,0.83333,0.9,1,1,1,0.90909,1
1,1,1,0.90909,1,1,1,1,1,0.90909,0.83333,0.83333,1,0.83333,0.76923,0.625,0.625,0.83333,0.83333,0.83333
1,1,1,1,1,1,1,1,0.90909,0.90909,1,1,0.83333,0.90909,0.83333,0.58824,0.76923,0.83333,0.76923,0.625
1,1,1,1,0.90909,1,0.90909,1,1,0.90909,0.90909,0.90909,0.90909,1,0.76923,0.66667,0.90909,0.71429,0.71429,0.71429
1,1,0.90909,1,1,1,1,0.90909,0.83333,1,0.90909,0.90909,0.90909,0.76923,0.66667,0.58824,0.71429,0.55556,0.47619,0.47619
1,1,1,1,1,1,1,1,1,1,1,1,1,1,1,1,0.90909,1,1,0.90909
1,1,1,1,1,1,0.71429,0.90909,0.90909,0.83333,1,0.75,0.83333,0.90909,0.83333,0.66667,0.66667,0.83333,0.625,0.55556
1,1,1,1,1,1,1,0.90909,0.90909,1,0.83333,1,0.83333,0.83333,0.90909,0.90909,0.83333,0.76923,0.71429,0.71429
1,1,1,1,1,1,1,1,1,1,1,1,0.90909,1,0.90909,0.71429,1,1,0.83333,0.71429
1,0.90909,1,0.90909,1,0.90909,1,1,0.90909,0.76923,0.83333,0.71429,0.71429,0.71429,0.625,0.58824,0.58824,0.47619,0.47619,0.41667
1,1,1,1,1,0.90909,1,1,0.76923,0.76923,0.625,0.52632,0.71429,0.52632,0.4,0.34483,0.32258,0.4,0.27778,0.27778
1,0.9,0.9,1,1,1,1,1,1,1,0.9,1,1,1,0.9,0.9,1,1,1,1
1,1,1,0.90909,0.90909,1,1,0.83333,0.83333,0.90909,0.71429,0.625,0.66667,0.66667,0.625,0.55556,0.45455,0.55556,0.43478,0.52632
1,1,1,1,1,1,1,1,1,1,1,1,1,1,1,1,1,1,1,1
1,1,1,1,1,1,1,0.90909,0.71429,0.76923,1,0.66667,0.76923,0.66667,0.55556,0.66667,0.58824,0.52632,0.43478,0.43478
1,1,1,1,1,1,1,1,1,0.90909,0.90909,1,1,1,1,1,1,1,0.83333,0.76923
1,1,1,1,1,1,1,1,1,0.90909,1,0.90909,0.90909,0.90909,0.71429,0.71429,0.71429,0.52632,0.58824,0.55556
1,1,1,1,0.9,1,1,1,1,1,1,0.90909,1,1,1,1,0.90909,0.90909,1,1
1,1,1,1,0.90909,1,1,1,1,1,0.90909,0.83333,1,0.90909,0.90909,0.71429,0.76923,0.76923,0.83333,0.90909
1,1,1,1,1,1,1,1,1,1,1,1,1,1,1,1,1,1,1,1
1,1,1,1,1,1,0.90909,1,1,1,0.90909,0.90909,0.90909,0.90909,1,0.71429,0.90909,0.76923,0.90909,0.76923
1,1,1,1,1,1,0.83333,1,1,1,0.83333,0.90909,0.71429,0.90909,0.71429,1,0.76923,0.83333,0.76923,0.58824
0.8,0.9,0.9,1,1,0.8,0.8,1,1,0.9,0.9,1,1,0.9,1,0.81818,0.9,1,0.81818,0.9
1,1,1,1,1,1,1,1,1,1,1,1,1,0.90909,1,1,0.90909,0.90909,0.83333,0.90909
1,1,1,1,1,1,1,1,1,1,1,1,0.90909,1,0.90909,1,1,1,0.90909,1
1,1,1,1,1,1,1,1,1,0.9,1,1,0.8,1,1,1,0.9,1,1,1
1,1,1,1,1,0.83333,0.76923,0.90909,1,0.90909,0.90909,0.76923,0.625,0.71429,0.83333,0.66667,0.55556,0.66667,0.58824,0.55556
1,1,1,1,1,1,1,1,1,1,1,0.90909,0.90909,0.90909,1,1,0.90909,0.90909,1,1
1,1,1,1,0.90909,0.90909,1,0.76923,1,0.83333,1,1,0.83333,0.83333,0.76923,1,0.83333,0.76923,0.76923,0.90909
1,1,1,1,1,0.90909,1,1,1,0.83333,0.90909,1,0.83333,0.90909,1,0.83333,0.71429,0.71429,0.66667,0.83333
1,1,1,1,1,1,1,1,1,1,0.90909,0.90909,1,1,0.90909,0.90909,0.90909,0.83333,1,0.90909
1,1,1,1,1,1,0.90909,1,0.90909,0.90909,1,0.90909,0.90909,1,1,0.83333,1,0.83333,0.83333,0.71429
0.6,0.9,0.9,1,1,1,0.9,1,0.9,1,1,1,0.90909,0.9,0.9,0.90909,1,1,0.72727,0.90909
1,1,1,1,1,1,1,1,0.90909,0.90909,0.90909,1,0.83333,0.71429,1,0.71429,0.625,0.71429,0.76923,0.58824
1,1,1,0.90909,1,0.90909,1,0.90909,0.83333,0.76923,0.76923,0.55556,0.625,0.55556,0.55556,0.43478,0.35714,0.41667,0.41667,0.27778
0.8,1,1,1,0.9,0.9,0.9,1,0.9,0.9,0.9,0.9,1,0.9,0.9,1,0.8,0.9,1,0.9
1,1,1,1,1,1,0.90909,1,0.90909,0.90909,0.90909,0.90909,0.90909,0.83333,1,1,1,0.76923,0.90909,0.90909
1,1,1,1,1,1,1,1,1,1,0.90909,1,0.83333,1,0.76923,0.83333,0.76923,0.83333,0.90909,0.83333
0.9,0.9,0.9,1,0.9,0.9,1,1,0.81818,0.76923,1,0.625,0.58824,0.55556,0.45455,0.45455,0.34483,0.45455,0.25,0.25
1,1,1,1,1,1,1,1,0.9,1,0.9,1,1,0.9,0.75,0.9,0.90909,1,0.9,0.90909
1,1,1,1,1,1,1,0.9,1,1,1,1,1,1,1,1,1,1,1,1
1,1,1,1,1,0.90909,0.90909,1,0.90909,0.76923,0.83333,0.71429,1,0.90909,0.66667,0.625,0.66667,0.58824,0.55556,0.76923
1,1,1,0.90909,1,1,0.83333,0.55556,0.55556,0.47619,0.43478,0.38462,0.35714,0.32258,0.23256,0.27027,0.21277,0.22727,0.21739,0.19608
1,1,1,1,1,1,1,1,1,1,1,1,1,1,1,1,1,0.90909,1,1
1,1,1,0.90909,1,0.90909,1,1,0.83333,1,0.90909,0.83333,0.83333,0.76923,0.45455,0.55556,0.43478,0.66667,0.45455,0.43478
1,1,1,1,0.90909,1,0.90909,1,0.66667,0.66667,0.90909,0.83333,0.625,0.58824,0.58824,0.5,0.41667,0.45455,0.34483,0.29412
1,1,1,1,1,0.90909,0.90909,1,1,0.90909,0.90909,0.83333,0.83333,0.90909,0.83333,0.90909,1,0.66667,0.83333,0.83333
1,1,1,1,0.76923,1,0.90909,1,0.76923,0.76923,0.83333,0.90909,0.76923,0.71429,1,0.71429,0.625,0.55556,0.55556,0.625
1,1,1,1,1,1,1,1,1,1,1,1,1,1,1,0.90909,0.90909,0.90909,0.90909,0.90909
1,0.90909,1,1,0.90909,1,0.90909,0.90909,0.90909,1,0.71429,0.83333,0.71429,0.625,0.55556,0.71429,0.5,0.52632,0.45455,0.5
0.9,0.9,0.9,0.9,0.9,0.9,0.9,0.9,0.9,0.9,0.9,1,0.75,0.81818,1,0.9,0.69231,0.75,0.81818,0.75
1,1,1,1,1,1,0.76923,1,0.66667,0.83333,0.58824,0.625,0.625,0.55556,0.47619,0.43478,0.38462,0.37037,0.33333,0.27027
1,1,1,1,1,1,1,1,1,1,1,1,1,1,0.90909,1,0.90909,0.90909,0.90909,0.90909
1,1,1,1,0.9,1,1,1,1,1,1,1,1,1,1,1,0.90909,1,0.90909,1
1,1,1,1,1,1,1,1,1,1,1,1,1,1,1,1,1,0.83333,1,0.90909
1,1,1,1,1,1,1,0.90909,0.83333,1,0.90909,0.83333,0.83333,0.76923,0.90909,0.83333,0.71429,0.66667,0.55556,0.83333
1,1,1,1,1,1,1,1,1,1,1,1,0.76923,1,0.71429,0.90909,0.83333,0.83333,0.90909,0.76923
1,1,1,1,1,1,1,1,1,1,1,1,1,1,1,1,1,1,1,1
1,1,1,1,1,1,0.90909,0.90909,1,1,0.90909,0.83333,0.83333,0.76923,0.71429,0.66667,0.76923,0.71429,0.76923,0.71429
1,1,1,0.90909,1,0.90909,1,1,1,0.90909,0.90909,0.90909,0.76923,1,0.90909,0.71429,0.71429,0.58824,0.55556,0.55556
1,1,1,1,1,1,1,1,1,1,1,1,1,1,1,0.83333,0.90909,1,0.90909,1
1,1,1,0.90909,1,0.90909,1,1,0.90909,0.83333,1,0.625,0.90909,0.83333,0.90909,0.71429,0.625,0.625,0.66667,0.55556
1,1,1,1,1,0.90909,0.90909,0.90909,0.90909,0.90909,0.83333,0.83333,0.76923,0.90909,1,0.90909,0.83333,0.76923,0.76923,0.625
1,1,1,0.9,1,1,1,1,1,0.9,1,0.81818,0.76923,0.90909,0.90909,0.76923,0.69231,0.83333,0.69231,0.83333
1,1,1,1,1,1,1,1,0.90909,0.90909,0.90909,0.90909,0.83333,0.83333,0.625,0.83333,0.83333,0.58824,0.76923,0.83333
1,1,1,0.90909,1,1,0.83333,0.76923,0.83333,0.90909,0.76923,0.90909,0.625,0.66667,0.625,0.52632,0.5,0.47619,0.625,0.45455
1,1,1,1,1,0.90909,0.90909,0.83333,0.90909,0.71429,0.625,0.58824,0.66667,0.45455,0.43478,0.32258,0.4,0.34483,0.30303,0.37037
1,1,1,1,1,0.83333,1,0.90909,0.76923,1,0.90909,0.90909,0.83333,0.83333,0.83333,0.90909,0.83333,0.90909,0.58824,0.83333
1,1,1,1,1,1,1,0.90909,1,1,0.90909,0.90909,0.90909,0.83333,0.71429,0.83333,0.71429,0.90909,0.83333,0.90909
1,1,1,1,1,0.90909,1,1,0.90909,0.90909,0.83333,0.90909,1,0.90909,0.83333,0.71429,0.83333,0.66667,0.90909,0.55556
0.9,1,0.9,1,0.9,1,1,0.9,1,1,0.9,1,1,1,1,1,1,1,0.8,1
1,1,1,1,0.90909,0.83333,1,0.90909,1,0.58824,0.71429,0.66667,0.45455,0.43478,0.37037,0.43478,0.29412,0.29412,0.30303,0.27778
1,1,1,0.9,0.9,0.9,0.9,0.9,0.90909,0.83333,0.76923,0.75,0.69231,0.55556,0.71429,0.66667,0.66667,0.45455,0.5,0.52632
1,1,1,1,1,1,1,1,1,1,1,1,1,1,0.90909,1,0.90909,1,0.90909,0.90909
1,1,1,0.9,1,1,1,1,1,1,1,1,1,0.9,1,1,1,0.90909,1,1
1,1,1,1,1,1,1,1,1,1,1,0.9,1,1,1,1,1,1,1,0.9
1,1,1,1,1,1,1,1,1,1,1,1,1,1,1,0.9,1,1,1,1
0.90909,1,0.90909,1,1,1,0.90909,0.90909,0.76923,0.76923,0.71429,0.625,0.625,0.45455,0.37037,0.52632,0.34483,0.35714,0.32258,0.28571
1,1,1,1,0.90909,0.90909,0.83333,0.83333,0.76923,0.90909,0.90909,0.66667,0.45455,0.58824,0.55556,0.30303,0.43478,0.34483,0.3125,0.38462
1,1,1,1,1,1,1,0.90909,0.90909,0.90909,1,0.71429,0.76923,0.83333,0.76923,0.90909,0.71429,0.76923,0.83333,0.625
1,1,1,0.83333,1,1,0.90909,0.83333,1,0.625,0.71429,0.66667,0.55556,0.55556,0.58824,0.38462,0.37037,0.38462,0.4,0.32258
1,1,1,1,1,1,1,1,1,1,1,1,1,0.9,0.90909,0.9,0.90909,0.75,1,0.90909
1,1,1,1,1,1,1,1,1,1,1,0.90909,1,1,1,1,0.90909,1,0.90909,1
1,1,0.9,1,1,0.76923,0.81818,0.9,0.75,0.83333,1,0.90909,0.90909,0.75,0.83333,0.75,0.83333,0.64286,0.83333,0.52632
1,1,1,1,1,0.83333,0.90909,0.90909,0.90909,0.76923,0.58824,0.47619,0.55556,0.47619,0.47619,0.38462,0.3125,0.32258,0.33333,0.38462
1,1,1,1,1,1,1,1,1,1,1,1,1,0.90909,0.90909,0.90909,1,0.90909,1,0.76923
1,1,1,1,0.90909,0.90909,1,1,1,0.83333,0.90909,0.90909,0.83333,1,0.76923,0.76923,0.83333,0.76923,0.90909,0.90909
1,0.9,1,1,1,1,1,1,1,1,0.9,1,1,1,1,0.90909,1,1,1,1
1,1,1,1,1,1,1,1,1,1,1,1,0.90909,1,1,1,0.90909,1,0.90909,1
1,0.9,0.9,0.9,0.9,0.9,0.9,0.9,0.81818,0.9,0.75,0.66667,0.9,0.8,0.75,0.66667,0.81818,0.72727,0.76923,0.75
1,1,1,1,1,1,1,1,1,1,0.90909,1,1,1,0.90909,0.83333,1,1,0.83333,0.71429
1,1,1,1,1,1,1,0.90909,0.90909,0.83333,0.90909,1,1,0.83333,0.83333,0.90909,0.83333,0.83333,0.90909,0.625
1,1,1,1,1,1,1,1,1,1,1,1,1,1,0.90909,1,0.83333,0.90909,1,0.90909
1,1,1,1,1,1,1,1,1,1,1,1,1,0.90909,1,1,1,1,1,0.90909
1,1,1,1,1,1,1,1,1,1,1,1,0.90909,0.90909,1,1,1,1,0.90909,0.90909
1,1,1,1,1,1,1,1,1,1,1,1,1,1,1,1,1,0.83333,0.90909,0.90909
1,1,1,1,0.9,1,1,1,1,1,1,1,1,1,0.9,1,1,1,1,1
1,1,1,1,1,1,1,1,1,0.90909,1,1,0.90909,0.90909,0.76923,0.83333,1,1,1,0.83333
1,1,1,1,0.90909,0.90909,0.90909,1,1,0.83333,0.83333,0.90909,1,0.71429,0.83333,0.76923,0.76923,0.66667,0.83333,0.625
1,1,1,1,1,1,1,0.90909,1,0.90909,0.90909,0.83333,0.76923,0.76923,0.66667,0.90909,0.625,0.66667,0.52632,0.52632
1,1,1,1,1,1,1,1,1,1,1,1,1,1,1,0.90909,1,0.81818,1,1
0,0,0,0,0,0,0,0,0,0,0,0,0,0,0,0,0,0,0,0
1,1,1,1,1,1,1,0.90909,1,0.90909,0.90909,0.83333,0.83333,0.90909,1,0.76923,0.71429,0.625,0.76923,0.71429
0.7,0.8,0.9,0.9,0.9,0.9,0.9,0.8,0.8,0.9,0.9,0.81818,0.8,0.7,0.9,0.8,0.8,0.9,0.8,0.9
1,1,1,1,1,1,1,1,1,1,1,1,0.76923,1,0.90909,0.90909,1,0.83333,1,0.90909
1,1,1,1,1,1,1,1,1,1,0.90909,1,1,1,1,0.76923,0.90909,0.83333,0.71429,1
1,1,1,1,1,1,1,1,1,0.90909,1,1,1,0.90909,0.83333,0.90909,0.76923,0.625,0.83333,0.90909
1,1,1,1,1,1,1,0.90909,0.90909,1,0.90909,0.76923,0.90909,1,0.83333,0.76923,0.76923,0.64286,0.71429,0.76923
1,1,1,1,1,1,0.90909,1,0.83333,1,0.76923,0.83333,0.71429,1,0.76923,0.58824,0.52632,0.5,0.41667,0.4
1,1,1,1,1,1,1,1,1,0.90909,1,1,1,1,0.83333,0.83333,0.83333,0.83333,0.83333,0.90909
1,1,1,1,1,1,1,1,1,1,1,0.83333,0.83333,0.76923,0.66667,0.625,0.76923,0.625,0.55556,0.625
1,1,1,1,1,1,1,1,1,1,1,1,1,1,1,1,1,1,1,1
1,1,1,1,1,1,1,1,1,0.90909,1,0.71429,0.90909,0.58824,0.76923,0.76923,0.90909,0.52632,0.5,0.5
1,1,1,1,1,1,1,1,1,1,1,1,1,1,1,1,0.90909,1,1,0.90909
1,1,1,1,1,1,1,0.83333,0.90909,0.76923,0.625,0.66667,0.76923,0.66667,0.52632,0.4,0.45455,0.37037,0.35714,0.38462
1,1,1,1,1,1,1,1,1,1,1,0.90909,0.90909,0.83333,0.90909,1,0.83333,0.76923,0.83333,0.76923
1,1,1,1,1,1,0.90909,1,1,1,0.90909,0.90909,0.76923,0.90909,0.625,0.83333,0.90909,0.71429,0.41667,0.58824
1,1,1,1,1,1,1,1,1,1,1,1,1,1,1,1,0.76923,1,0.90909,0.76923
0,0,0,0,0,0,0,0,0,0,0,0,0,0,0,0,0,0,0,0
1,1,1,1,1,0.90909,1,1,1,0.76923,1,0.76923,0.90909,0.90909,0.90909,0.71429,0.76923,0.90909,0.83333,0.66667
1,1,1,1,1,1,1,0.76923,0.625,0.90909,0.83333,0.71429,0.41667,0.5,0.41667,0.43478,0.38462,0.38462,0.35714,0.35714
1,0.9,1,1,1,1,1,1,1,1,1,1,1,1,0.90909,1,1,1,1,1
1,0.90909,0.90909,0.90909,0.9,0.83333,1,1,0.90909,0.76923,0.90909,0.83333,0.71429,0.83333,0.83333,0.90909,0.76923,0.58824,0.6,0.52632
1,1,1,1,1,1,1,1,1,1,1,1,1,1,1,1,0.90909,0.90909,0.90909,1
1,1,1,1,1,1,0.83333,0.83333,0.76923,0.90909,0.66667,0.83333,0.625,0.71429,0.71429,0.5,0.52632,0.41667,0.625,0.45455
1,1,1,1,1,1,1,0.90909,1,1,1,1,1,0.90909,1,0.83333,0.83333,0.83333,1,0.71429
1,1,1,1,1,1,1,1,1,0.90909,1,1,0.76923,1,0.83333,0.90909,1,1,1,0.83333
1,1,1,1,1,1,1,1,0.90909,1,1,0.90909,1,1,0.76923,0.90909,0.90909,0.83333,0.90909,1
1,1,1,1,1,1,0.90909,1,1,0.90909,0.83333,1,0.90909,0.71429,0.83333,0.90909,0.71429,0.90909,1,0.90909
1,1,1,0.90909,1,0.90909,0.76923,0.66667,0.5,0.35714,0.45455,0.32258,0.43478,0.32258,0.25,0.25,0.27027,0.30303,0.29412,0.21277
1,1,1,1,1,1,1,1,1,1,0.90909,0.90909,0.90909,1,1,1,0.71429,0.90909,1,0.90909
0.8,0.8,1,0.8,0.8,0.8,0.9,1,1,0.9,0.8,0.8,0.9,0.8,0.8,0.9,1,1,0.9,0.8
1,1,1,1,1,1,1,1,1,1,1,1,1,1,1,0.90909,1,0.90909,0.90909,0.83333
1,1,1,1,1,1,1,0.90909,1,0.90909,0.90909,1,0.90909,0.83333,0.83333,0.76923,1,0.71429,0.625,0.625
0.9,1,0.9,1,0.9,0.9,0.9,1,0.9,1,0.9,0.9,1,1,1,1,1,1,1,1
1,1,1,1,1,1,1,0.9,1,0.9,1,1,1,1,1,1,0.9,1,0.9,1
1,1,1,1,1,1,0.90909,1,0.90909,0.90909,0.76923,0.90909,0.90909,0.83333,0.83333,0.83333,0.76923,0.625,0.83333,0.66667
1,1,1,1,1,1,1,1,0.83333,1,1,0.90909,1,0.83333,0.90909,0.83333,0.90909,0.76923,0.83333,0.76923
1,1,1,1,1,1,0.90909,1,0.90909,1,0.90909,1,1,0.66667,0.625,0.66667,0.58824,0.52632,0.71429,0.58824
1,1,1,1,1,1,0.83333,1,0.90909,0.90909,1,0.83333,0.90909,0.90909,0.71429,0.76923,0.625,0.66667,0.625,0.76923
1,1,1,1,1,1,1,0.76923,1,0.58824,0.71429,0.71429,0.5,0.45455,0.47619,0.38462,0.41667,0.28571,0.32258,0.33333
0.9,1,1,1,1,1,0.9,0.9,1,1,1,0.9,1,1,0.9,0.9,1,1,1,0.9
0.9,1,1,0.9,0.9,1,0.9,1,0.8,0.8,0.9,1,1,0.8,0.9,0.9,0.9,0.9,1,0.9
1,0.9,1,0.9,0.8,0.9,0.9,1,0.9,1,1,1,1,1,1,1,0.9,1,0.9,1
0.7,0.7,0.7,0.8,1,0.9,0.9,1,0.8,1,0.9,1,0.9,1,0.9,0.8,0.8,0.9,0.90909,0.81818
1,1,1,1,1,1,1,1,1,1,1,1,1,1,1,0.76923,0.90909,0.90909,1,0.90909
1,1,0.90909,0.83333,1,0.90909,1,0.90909,1,1,0.83333,0.76923,0.71429,0.625,0.66667,0.625,0.58824,0.52632,0.41667,0.47619
1,1,1,1,1,1,1,1,1,1,0.90909,1,0.90909,0.90909,1,1,0.71429,0.76923,0.58824,0.66667
1,1,1,1,1,1,1,1,1,1,0.9,1,1,0.9,0.9,1,1,1,0.9,1
1,1,1,1,1,1,1,0.90909,1,0.83333,0.83333,0.90909,0.90909,0.66667,0.71429,0.625,0.5,0.625,0.41667,0.38462
1,1,1,1,1,1,1,1,1,1,1,1,1,0.90909,1,1,1,1,1,1
1,1,1,1,1,1,1,1,1,1,1,1,1,1,1,1,0.90909,1,0.81818,1
1,1,1,1,1,1,1,1,1,1,1,1,1,1,1,1,1,0.90909,1,1
1,1,0.90909,1,0.90909,0.90909,0.90909,0.90909,1,0.90909,0.90909,0.83333,0.76923,0.71429,0.58824,0.55556,0.55556,0.66667,0.43478,0.58824
1,1,1,1,1,0.90909,1,1,0.83333,0.66667,0.76923,0.47619,0.5,0.5,0.43478,0.3125,0.37037,0.32258,0.32258,0.28571
0.6,0.7,0.7,0.8,0.7,0.7,0.9,0.8,0.8,0.8,0.8,0.8,0.9,0.7,0.8,0.8,0.7,0.7,0.8,0.9
1,1,1,1,1,1,1,1,1,1,1,1,1,1,1,1,1,1,0.9,1
1,1,1,1,1,1,1,1,1,1,0.90909,0.90909,0.90909,1,0.76923,1,0.90909,0.83333,0.83333,0.90909
1,1,1,1,1,1,1,1,0.90909,1,1,1,1,1,1,0.90909,1,0.90909,0.76923,0.83333
0.9,0.9,0.9,0.9,0.81818,0.75,0.9,0.83333,0.75,0.81818,0.64286,0.66667,0.75,0.52941,0.52941,0.47368,0.625,0.3913,0.47368,0.37037
1,1,0.90909,0.9,0.81818,1,0.9,0.9,1,0.81818,0.90909,0.9,0.81818,0.69231,0.69231,0.76923,0.71429,0.81818,0.52941,0.55556
0.9,0.9,0.9,0.9,0.9,0.9,0.9,0.9,0.9,1,0.9,0.9,0.90909,0.9,0.9,0.9,0.9,0.9,0.69231,1
1,1,1,1,0.90909,1,0.90909,0.90909,0.83333,0.83333,0.625,0.625,0.5,0.52632,0.47619,0.38462,0.45455,0.34483,0.32258,0.3125
0.7,0.7,0.7,0.7,0.7,0.7,0.8,0.8,0.7,0.8,0.8,0.8,0.8,0.7,0.7,0.7,0.8,0.7,0.8,0.7
1,1,1,1,1,1,1,1,1,1,1,1,0.90909,1,1,1,1,1,1,1
1,1,1,1,0.90909,1,1,1,0.90909,0.71429,0.625,0.52632,0.55556,0.4,0.37037,0.47619,0.47619,0.3125,0.37037,0.27778
1,1,1,1,1,1,1,1,1,1,1,1,1,1,1,1,1,1,1,0.90909
1,1,1,1,1,1,0.90909,0.83333,0.83333,0.83333,0.76923,0.625,0.625,0.58824,0.45455,0.38462,0.41667,0.3125,0.47619,0.38462
1,1,1,1,1,1,1,0.90909,0.83333,0.71429,0.58824,0.83333,0.625,0.625,0.58824,0.41667,0.41667,0.35714,0.4,0.29412
1,1,1,1,1,0.90909,1,1,0.90909,0.83333,0.90909,1,0.83333,0.90909,1,0.66667,0.83333,0.83333,0.66667,0.76923
1,1,1,0.9,1,1,1,1,1,1,1,1,1,0.90909,1,1,0.90909,1,1,0.83333
0.7,0.9,1,0.9,0.9,0.9,1,1,1,0.9,1,1,0.9,0.9,1,0.75,1,0.90909,1,0.81818
1,1,1,1,1,1,1,1,1,1,1,1,1,1,1,1,1,1,1,1
1,1,1,1,1,1,1,1,1,1,1,1,1,1,1,0.90909,1,0.83333,1,0.90909
0.9,0.9,0.9,0.9,0.9,0.9,1,0.9,0.9,1,0.81818,0.81818,0.81818,0.69231,0.9,0.52941,0.64286,0.52941,0.52941,0.375
1,1,1,1,1,1,1,0.90909,0.90909,1,1,0.71429,0.66667,0.625,0.66667,0.58824,0.71429,0.58824,0.4,0.5
1,1,1,1,1,1,1,0.76923,0.83333,0.76923,0.52632,0.76923,0.66667,0.45455,0.38462,0.41667,0.37037,0.37037,0.32258,0.3125
1,1,0.90909,1,0.90909,1,1,0.90909,0.76923,1,0.90909,1,0.83333,0.625,0.71429,0.47619,0.52632,0.43478,0.43478,0.33333
1,1,1,1,1,1,1,1,1,0.9,1,1,1,1,1,1,1,1,1,1
1,1,0.90909,0.90909,0.90909,1,0.90909,1,1,0.83333,0.83333,0.76923,0.83333,0.71429,0.66667,0.66667,0.45455,0.52632,0.37037,0.41667
1,0.90909,1,0.90909,0.90909,1,1,0.90909,0.83333,0.83333,0.83333,0.76923,0.83333,0.66667,0.66667,0.5,0.52632,0.38462,0.45455,0.34483
1,1,1,1,1,1,1,1,1,1,1,1,1,1,1,1,1,1,1,1
1,1,0.90909,0.90909,0.90909,0.83333,1,0.90909,1,0.90909,0.83333,0.76923,0.83333,0.76923,0.90909,0.58824,0.58824,0.76923,0.625,0.52632
1,1,1,1,1,1,0.90909,0.83333,0.90909,1,0.76923,1,0.76923,0.71429,0.58824,0.66667,0.83333,0.625,0.71429,0.76923
1,1,1,1,1,1,0.90909,1,0.83333,0.90909,0.83333,0.90909,0.90909,0.83333,0.71429,0.83333,0.83333,1,0.71429,0.90909
0.9,0.9,1,1,1,1,1,1,1,1,1,0.90909,1,1,1,0.90909,1,0.90909,1,1
1,1,1,1,1,1,0.90909,1,0.83333,0.90909,0.90909,0.83333,0.90909,1,0.83333,0.71429,0.625,0.76923,0.76923,0.625
1,1,1,1,1,1,0.9,0.9,0.9,0.9,0.9,1,0.9,1,0.9,0.9,1,0.9,0.8,1
1,1,1,1,1,1,1,1,1,1,1,0.90909,1,0.90909,0.90909,0.76923,1,0.90909,0.90909,0.76923
1,1,1,1,1,1,1,1,1,1,1,1,1,0.90909,1,0.76923,0.90909,0.90909,1,0.90909
1,1,1,1,1,0.90909,1,1,0.90909,1,1,0.83333,1,1,0.76923,0.76923,0.71429,0.625,0.76923,0.66667
1,1,1,1,1,1,0.90909,0.90909,1,1,0.90909,0.83333,1,0.90909,1,1,0.76923,0.66667,0.58824,0.66667
1,1,1,1,1,1,1,1,1,0.83333,1,1,0.83333,0.90909,0.90909,0.83333,0.90909,0.76923,0.83333,0.76923
1,1,1,1,0.90909,0.76923,0.90909,0.90909,0.83333,0.83333,0.76923,0.90909,0.83333,0.71429,0.83333,0.76923,0.71429,0.71429,0.66667,0.625
1,1,1,0.90909,1,1,1,1,0.76923,0.83333,1,0.83333,1,0.83333,0.625,0.76923,0.76923,0.625,0.66667,0.55556
0,0,0,0,0,0,0,0,0,0,0,0,0,0,0,0,0,0,0,0
1,1,1,1,1,1,1,1,1,0.90909,0.90909,1,1,0.83333,0.71429,0.83333,0.76923,1,0.66667,0.71429
1,1,1,1,0.90909,1,1,1,0.90909,1,1,1,1,0.90909,0.83333,0.90909,0.90909,0.90909,0.71429,0.90909
1,1,1,0.90909,1,0.90909,0.90909,1,1,0.90909,0.71429,0.83333,0.76923,0.625,0.71429,0.55556,0.5,0.55556,0.90909,0.55556
1,1,1,1,1,1,1,1,0.90909,1,0.90909,0.90909,0.83333,0.90909,1,0.90909,0.90909,0.90909,0.76923,0.90909
1,1,1,1,0.83333,1,0.90909,0.90909,0.76923,0.90909,0.76923,1,1,0.83333,0.66667,0.55556,0.625,0.625,0.625,0.625
1,1,1,1,1,0.83333,0.83333,0.76923,0.71429,0.47619,0.47619,0.41667,0.35714,0.32258,0.27778,0.33333,0.29412,0.28571,0.30303,0.28571
0.9,0.9,1,1,0.9,1,1,0.9,1,0.9,0.9,1,1,0.9,0.9,0.9,1,0.9,0.9,0.9
1,1,1,1,1,1,1,1,1,1,0.90909,1,1,0.83333,0.90909,0.90909,0.83333,1,0.76923,0.83333
0.8,0.9,0.9,0.9,0.8,0.9,0.9,0.9,0.9,1,0.9,0.9,0.9,0.9,0.9,1,0.9,1,0.9,0.9
1,1,1,1,1,1,1,0.9,1,1,1,1,1,1,0.9,0.9,1,1,1,1
1,1,1,1,1,0.90909,0.90909,0.83333,1,0.71429,0.71429,0.76923,0.45455,0.58824,0.41667,0.5,0.43478,0.41667,0.34483,0.35714
1,1,1,1,1,1,1,1,1,0.90909,0.90909,0.90909,0.71429,0.71429,0.83333,0.58824,0.71429,0.45455,0.52632,0.4
1,1,1,1,1,1,1,1,1,1,1,0.76923,0.76923,0.83333,1,0.90909,0.90909,0.83333,0.83333,0.76923
1,1,1,1,1,1,1,1,1,0.76923,1,0.83333,0.71429,1,0.71429,0.76923,0.83333,0.83333,0.76923,0.76923
1,1,1,1,1,1,1,1,1,0.90909,1,0.90909,1,0.90909,0.90909,0.83333,0.90909,0.83333,0.83333,0.83333
1,1,1,1,1,1,1,1,1,1,1,0.90909,0.71429,1,0.90909,0.71429,1,0.90909,0.66667,0.55556
1,1,1,1,1,0.90909,1,0.90909,1,1,0.90909,1,0.83333,1,0.66667,0.83333,0.71429,0.58824,0.83333,0.625
1,1,1,1,1,1,0.90909,1,1,0.90909,0.76923,0.90909,1,0.90909,0.90909,0.83333,0.90909,0.83333,0.76923,0.76923
1,1,1,1,1,0.83333,1,0.90909,1,0.90909,0.76923,0.625,0.83333,0.76923,0.55556,0.5,0.66667,0.5,0.66667,0.47619
0.7,1,1,1,0.9,1,1,1,1,1,1,1,0.90909,1,0.83333,1,0.90909,1,0.75,0.9
0,0,0,0,0,0,0,0,0,0,0,0,0,0,0,0,0,0,0,0
0.9,0.9,0.9,0.9,1,0.9,0.81818,0.9,0.9,0.9,0.90909,0.81818,0.81818,0.75,0.9,0.75,0.76923,0.69231,0.83333,0.52632
0.9,1,1,1,1,1,1,1,1,0.9,1,1,0.9,1,1,1,1,1,1,1
0,0,0,0,0,0,0,0,0,0,0,0,0,0,0,0,0,0,0,0
1,1,1,0.83333,0.83333,0.76923,0.90909,0.76923,0.90909,0.83333,0.83333,0.83333,0.76923,0.76923,0.83333,0.71429,0.625,0.55556,0.58824,0.71429
1,1,1,1,1,1,1,1,1,1,1,0.90909,0.83333,1,0.90909,0.90909,1,0.83333,0.76923,0.90909
1,1,1,1,1,1,1,1,1,1,1,1,1,1,0.81818,0.90909,0.90909,0.90909,1,0.90909
1,1,1,1,1,1,1,1,1,1,1,1,1,0.83333,1,0.76923,0.9,1,0.83333,0.9
1,1,1,1,1,1,1,1,0.90909,0.90909,1,0.90909,1,0.90909,0.83333,0.76923,1,0.66667,0.76923,0.83333
1,1,1,1,1,1,1,1,1,1,1,1,1,1,1,1,0.90909,1,0.90909,1
1,1,1,1,1,1,1,1,1,1,0.90909,0.90909,0.83333,0.83333,0.90909,0.83333,0.76923,0.76923,0.76923,0.71429
0.7,0.9,0.9,0.9,0.9,0.9,0.9,0.9,0.9,0.9,0.9,0.8,0.9,0.9,0.8,0.9,0.9,0.9,0.8,0.8
0.9,0.9,0.9,0.9,0.8,0.8,0.9,0.9,0.8,0.9,0.8,0.9,0.9,1,0.9,0.9,1,0.9,0.9,0.81818
1,1,1,1,0.90909,1,1,1,1,0.83333,0.76923,0.71429,0.71429,0.66667,0.71429,0.625,0.47619,0.41667,0.5,0.55556
1,1,1,1,1,1,1,1,1,1,1,1,1,1,1,1,1,1,0.83333,0.83333
