Time Img,No. Cell,Threshold Cell,No. Lys.,Area Lys.,Perimeter Lys.,Centroid Lys. X,Centroid Lys. Y,mCherry_Mean.,Venus_Mean
1,1,1751,1,1,0,224,496,1065,420
1,1,1751,2,1,0,227,480,1031,1386
1,1,1751,3,1,0,229,470,999,879
1,1,1751,4,2,2,230,478,1181,1101
1,1,1751,5,3,3,235,465,1475,1085
1,1,1751,6,1,0,234,471,1295,847
1,1,1751,7,1,0,236,487,1260,783
1,1,1751,8,1,0,239,448,1067,874
1,1,1751,9,8,10,241,451,1349,1115
1,1,1751,10,3,3,241,466,1304,1269
1,1,1751,11,10,12,246,446,1357,1084
1,1,1751,12,3,3,245,460,1776,1506
1,1,1751,13,21,26,252,437,1435,1149
1,1,1751,14,2,2,250,452,1226,1028
1,1,1751,15,1,0,252,444,1167,1003
1,1,1751,16,5,7,257,436,1304,1036
1,1,1751,17,2,2,256,443,1292,1191
1,1,1751,18,2,2,257,448,1735,1031
1,1,1751,19,3,3,263,496,1397,1114
1,1,1751,20,2,2,265,451,1584,1506
1,1,1751,21,1,0,270,432,1371,1065
1,1,1751,22,1,0,270,448,1765,1976
1,1,1751,23,2,2,272,440,1135,1131
1,1,1751,24,2,2,272,444,1391,1633
1,1,1751,25,1,0,272,430,1072,747
1,1,1751,26,3,3,275,440,1288,1490
1,1,1751,27,4,4,275,443,1345,1414
1,1,1751,28,9,12,276,448,1494,1190
1,1,1751,29,1,0,277,444,1095,961
1,1,1751,30,2,2,279,452,1607,787
1,1,1751,31,3,3,281,438,1383,1039
1,1,1751,32,1,0,286,425,1074,726
1,1,1751,33,2,2,292,432,1883,1953
1,1,1751,34,1,0,296,443,1588,1826
1,2,1435,1,3,3,276,510,1436,1539
1,2,1435,2,4,5,279,509,1282,967
1,2,1435,3,1,0,285,503,791,822
1,2,1435,4,3,3,286,497,1480,870
1,2,1435,5,5,5,292,501,1328,1049
1,2,1435,6,1,0,292,505,902,1165
1,2,1435,7,1,0,294,505,967,980
1,2,1435,8,4,5,302,500,1071,674
1,2,1435,9,2,2,303,503,1570,678
1,2,1435,10,4,5,307,501,1073,709
1,2,1435,11,3,3,310,507,888,434
1,2,1435,12,2,2,315,459,1590,1362
1,2,1435,13,2,2,325,491,912,859
2,1,1789,1,1,0,227,480,1296,1051
2,1,1789,2,4,4,235,466,1529,1050
2,1,1789,3,1,0,234,471,1356,948
2,1,1789,4,2,2,237,488,1347,1281
2,1,1789,5,6,7,242,451,1486,1082
2,1,1789,6,2,2,241,466,1317,1189
2,1,1789,7,1,0,243,443,1100,621
2,1,1789,8,9,11,246,446,1460,1169
2,1,1789,9,5,5,245,460,1513,1339
2,1,1789,10,13,15,251,438,1530,1292
2,1,1789,11,3,4,250,452,1229,1228
2,1,1789,12,1,0,252,444,1072,985
2,1,1789,13,3,3,254,433,1695,899
2,1,1789,14,2,2,254,436,1470,1163
2,1,1789,15,2,2,257,436,1313,1256
2,1,1789,16,3,5,257,448,1250,1060
2,1,1789,17,1,0,257,442,1465,1486
2,1,1789,18,1,0,259,435,1162,214
2,1,1789,19,4,4,263,496,1375,962
2,1,1789,20,3,3,265,451,1547,1009
2,1,1789,21,1,0,266,432,1122,788
2,1,1789,22,1,0,268,442,1151,521
2,1,1789,23,1,0,271,440,1155,757
2,1,1789,24,2,2,272,443,1408,777
2,1,1789,25,5,7,272,448,1360,1196
2,1,1789,26,1,0,272,430,1100,648
2,1,1789,27,3,3,274,440,1449,1514
2,1,1789,28,7,14,276,443,1404,1127
2,1,1789,29,7,9,276,449,1691,1260
2,1,1789,30,2,2,280,451,1609,1324
2,1,1789,31,2,3,282,438,1357,868
2,1,1789,32,1,0,284,454,1060,915
2,1,1789,33,1,0,287,424,1501,1227
2,1,1789,34,3,3,291,434,1667,1596
2,1,1789,35,2,2,296,443,1450,1063
2,2,1532,1,6,10,277,509,1209,1164
2,2,1532,2,1,0,285,503,1172,998
2,2,1532,3,4,4,287,498,1497,927
2,2,1532,4,9,15,293,502,1263,965
2,2,1532,5,2,2,302,500,1276,1137
2,2,1532,6,4,6,303,503,1416,617
2,2,1532,7,3,3,307,501,1388,1042
2,2,1532,8,1,0,307,469,848,544
2,2,1532,9,2,2,310,507,1147,505
2,2,1532,10,3,3,314,459,1259,1109
2,2,1532,11,1,0,324,491,1144,1554
3,1,1839,1,1,0,232,474,1270,858
3,1,1839,2,1,0,234,466,1367,1515
3,1,1839,3,1,0,234,471,1150,580
3,1,1839,4,3,3,236,488,1452,880
3,1,1839,5,1,0,238,447,1180,828
3,1,1839,6,20,24,243,449,1468,1032
3,1,1839,7,3,3,241,466,1221,1223
3,1,1839,8,5,5,245,460,1579,1648
3,1,1839,9,9,10,251,439,1619,1328
3,1,1839,10,3,3,250,451,1452,1003
3,1,1839,11,2,2,252,435,1579,973
3,1,1839,12,6,6,255,434,1533,1120
3,1,1839,13,2,2,256,443,1509,1417
3,1,1839,14,3,3,257,448,1249,1174
3,1,1839,15,2,2,263,496,1875,1517
3,1,1839,16,3,3,265,451,1338,1218
3,1,1839,17,3,6,271,431,1216,986
3,1,1839,18,2,2,271,444,1581,1600
3,1,1839,19,5,5,272,448,1577,1229
3,1,1839,20,5,5,273,440,1359,1341
3,1,1839,21,2,2,275,443,1817,1743
3,1,1839,22,4,4,276,449,1826,1546
3,1,1839,23,2,2,277,442,1281,748
3,1,1839,24,3,4,278,444,1406,1098
3,1,1839,25,1,0,278,448,1676,1159
3,1,1839,26,4,5,279,451,1471,802
3,1,1839,27,4,4,282,438,1498,995
3,1,1839,28,1,0,283,453,1228,1194
3,1,1839,29,1,0,286,454,1179,1063
3,1,1839,30,2,2,292,436,1759,1491
3,1,1839,31,1,0,296,443,1335,1434
3,2,1551,1,4,4,277,510,1469,1262
3,2,1551,2,1,0,279,508,1259,1144
3,2,1551,3,3,5,285,503,945,541
3,2,1551,4,1,0,284,506,854,466
3,2,1551,5,3,3,286,498,1459,1002
3,2,1551,6,4,8,293,503,945,690
3,2,1551,7,4,4,293,500,1582,1112
3,2,1551,8,3,3,302,499,1004,748
3,2,1551,9,2,2,303,503,1276,663
3,2,1551,10,3,3,307,502,1256,816
3,2,1551,11,3,5,309,507,1047,606
3,2,1551,12,3,3,314,459,1374,825
3,2,1551,13,1,0,324,491,1321,1690
3,2,1551,14,1,0,334,485,897,517
4,1,1849,1,1,0,217,499,1254,1560
4,1,1849,2,2,2,232,474,1148,686
4,1,1849,3,1,0,233,471,1221,485
4,1,1849,4,4,4,235,466,1505,894
4,1,1849,5,3,3,236,488,1673,1080
4,1,1849,6,1,0,238,447,1186,1000
4,1,1849,7,1,0,238,452,1219,974
4,1,1849,8,9,10,242,450,1478,1180
4,1,1849,9,2,3,241,466,1326,1222
4,1,1849,10,2,2,243,443,1210,517
4,1,1849,11,9,11,245,446,1622,1347
4,1,1849,12,5,5,245,460,1638,1545
4,1,1849,13,11,10,251,438,1587,1280
4,1,1849,14,1,0,250,451,1650,1697
4,1,1849,15,12,13,255,435,1524,1200
4,1,1849,16,2,2,256,443,1616,1598
4,1,1849,17,3,3,257,448,1342,971
4,1,1849,18,2,2,263,496,1872,1652
4,1,1849,19,4,5,265,451,1237,1146
4,1,1849,20,8,12,273,440,1447,1274
4,1,1849,21,2,2,271,444,1599,1503
4,1,1849,22,1,0,272,430,1130,1467
4,1,1849,23,1,0,273,448,1108,1084
4,1,1849,24,3,3,275,443,1906,1490
4,1,1849,25,4,4,276,449,1905,1889
4,1,1849,26,1,0,278,448,1759,1098
4,1,1849,27,2,2,279,450,1635,1014
4,1,1849,28,1,0,279,444,1552,815
4,1,1849,29,2,2,282,437,1676,990
4,1,1849,30,1,0,282,422,1364,1064
4,1,1849,31,1,0,288,424,1561,1343
4,1,1849,32,3,3,291,442,1498,1495
4,1,1849,33,1,0,296,443,2282,1657
4,2,1457,1,6,6,276,510,1335,1215
4,2,1457,2,1,0,280,507,1187,786
4,2,1457,3,3,4,285,503,963,687
4,2,1457,4,3,3,285,498,1484,957
4,2,1457,5,5,5,292,500,1360,1185
4,2,1457,6,1,0,293,503,766,761
4,2,1457,7,1,0,299,507,1052,471
4,2,1457,8,5,7,303,500,1173,636
4,2,1457,9,2,2,307,501,769,306
4,2,1457,10,1,0,307,469,788,239
4,2,1457,11,2,2,310,507,1095,641
4,2,1457,12,4,5,315,459,1182,1114
4,2,1457,13,2,2,324,491,865,849
5,1,1856,1,1,0,219,497,1191,914
5,1,1856,2,1,0,227,480,1437,1109
5,1,1856,3,2,2,235,466,1363,1232
5,1,1856,4,3,3,236,489,1542,1185
5,1,1856,5,2,2,239,452,1228,936
5,1,1856,6,18,23,244,448,1563,1083
5,1,1856,7,1,0,240,466,1696,1388
5,1,1856,8,5,5,245,460,1435,1484
5,1,1856,9,12,11,250,439,1598,1228
5,1,1856,10,1,0,250,451,1790,1348
5,1,1856,11,13,11,255,435,1582,1115
5,1,1856,12,2,2,256,443,1562,1526
5,1,1856,13,3,3,257,448,1480,1363
5,1,1856,14,1,0,259,449,1213,588
5,1,1856,15,1,0,262,496,2371,2082
5,1,1856,16,1,0,266,451,1742,1658
5,1,1856,17,1,0,266,492,1430,1188
5,1,1856,18,1,0,267,431,1161,423
5,1,1856,19,10,14,273,440,1530,1269
5,1,1856,20,1,0,271,444,2376,2330
5,1,1856,21,1,0,271,447,1267,845
5,1,1856,22,1,0,272,430,1282,977
5,1,1856,23,4,6,276,443,1599,1242
5,1,1856,24,4,4,276,449,2153,1744
5,1,1856,25,3,3,278,448,1198,746
5,1,1856,26,2,2,279,451,1355,977
5,1,1856,27,1,0,279,444,1411,1687
5,1,1856,28,1,0,281,422,1445,1512
5,1,1856,29,2,2,282,437,1976,999
5,1,1856,30,1,0,284,454,1146,814
5,1,1856,31,2,2,289,424,1405,1264
5,1,1856,32,2,2,290,445,1283,1085
5,1,1856,33,1,0,296,443,1704,1854
5,2,1593,1,5,5,276,510,1342,1132
5,2,1593,2,1,0,280,507,1066,773
5,2,1593,3,3,3,285,503,920,819
5,2,1593,4,3,3,285,498,1468,1097
5,2,1593,5,3,5,292,504,1093,722
5,2,1593,6,4,4,293,500,1437,1171
5,2,1593,7,5,8,302,500,1222,734
5,2,1593,8,1,0,306,501,1042,191
5,2,1593,9,2,2,310,507,1059,671
5,2,1593,10,5,5,315,459,1170,925
5,2,1593,11,2,2,324,491,1099,988
5,2,1593,12,1,0,334,484,910,407
6,1,1873,1,1,0,227,481,1363,1078
6,1,1873,2,2,2,234,466,1644,1441
6,1,1873,3,2,2,236,488,1427,1034
6,1,1873,4,1,0,238,446,1185,793
6,1,1873,5,4,6,240,451,1412,976
6,1,1873,6,2,2,240,466,1381,1226
6,1,1873,7,5,7,243,450,1676,1304
6,1,1873,8,1,0,244,443,1118,1193
6,1,1873,9,8,10,245,447,1729,1334
6,1,1873,10,5,5,245,460,1701,1395
6,1,1873,11,9,13,250,438,1686,1273
6,1,1873,12,1,0,250,451,1230,915
6,1,1873,13,13,14,255,435,1586,1138
6,1,1873,14,1,0,256,442,2253,2014
6,1,1873,15,1,0,257,440,1296,961
6,1,1873,16,2,3,258,449,1422,1405
6,1,1873,17,1,0,259,450,1148,757
6,1,1873,18,2,2,262,496,1656,1116
6,1,1873,19,1,0,265,445,1275,1074
6,1,1873,20,3,3,266,492,1366,1415
6,1,1873,21,2,2,267,451,1380,1253
6,1,1873,22,1,0,269,433,1163,875
6,1,1873,23,3,3,270,440,1924,1682
6,1,1873,24,1,0,271,431,1353,1356
6,1,1873,25,2,2,272,444,1661,1357
6,1,1873,26,1,0,271,448,1174,879
6,1,1873,27,9,16,275,441,1453,1305
6,1,1873,28,11,15,277,450,1508,1146
6,1,1873,29,3,3,280,444,1460,1121
6,1,1873,30,2,2,282,437,1607,1237
6,1,1873,31,3,3,287,425,1815,1078
6,1,1873,32,1,0,296,443,1708,2002
6,2,1441,1,2,3,277,508,780,559
6,2,1441,2,5,7,280,506,980,586
6,2,1441,3,2,2,285,503,1037,1069
6,2,1441,4,3,3,285,498,1455,1153
6,2,1441,5,3,4,292,504,982,905
6,2,1441,6,2,2,293,500,1526,1733
6,2,1441,7,1,0,297,507,748,516
6,2,1441,8,6,7,302,500,1163,907
6,2,1441,9,1,0,305,502,883,801
6,2,1441,10,2,2,310,507,988,647
6,2,1441,11,6,7,315,459,1173,930
6,2,1441,12,2,2,324,491,1123,955
7,1,1803,1,1,0,219,496,1413,1012
7,1,1803,2,3,3,234,465,1268,1370
7,1,1803,3,1,0,235,482,1166,843
7,1,1803,4,1,0,236,490,1589,1036
7,1,1803,5,1,0,238,448,1150,1044
7,1,1803,6,2,2,238,454,1374,828
7,1,1803,7,1,0,239,451,1670,1301
7,1,1803,8,2,2,240,466,1334,1133
7,1,1803,9,2,2,242,451,1594,1441
7,1,1803,10,2,2,244,443,1149,1243
7,1,1803,11,13,11,245,447,1522,1173
7,1,1803,12,3,3,245,461,2008,1481
7,1,1803,13,12,12,250,438,1555,984
7,1,1803,14,5,5,255,435,1926,1431
7,1,1803,15,2,2,255,442,1535,1433
7,1,1803,16,2,2,258,433,1232,788
7,1,1803,17,5,5,258,449,1347,1097
7,1,1803,18,1,0,258,440,1186,900
7,1,1803,19,1,0,261,497,2450,2133
7,1,1803,20,2,2,265,493,1243,980
7,1,1803,21,1,0,265,445,1525,1378
7,1,1803,22,3,3,267,450,1331,1002
7,1,1803,23,2,2,269,433,1250,1013
7,1,1803,24,5,5,270,440,1552,1178
7,1,1803,25,1,0,271,444,1941,1619
7,1,1803,26,2,2,272,448,1418,1149
7,1,1803,27,4,5,274,440,1617,1506
7,1,1803,28,3,3,275,443,1504,1537
7,1,1803,29,1,0,276,423,1557,1227
7,1,1803,30,10,10,278,450,1637,1200
7,1,1803,31,3,5,279,444,1372,1096
7,1,1803,32,3,4,282,437,1446,1153
7,1,1803,33,3,3,287,425,1504,1338
7,1,1803,34,1,0,294,447,1536,1623
7,1,1803,35,1,0,296,433,1091,959
7,2,1464,1,3,4,281,507,1562,881
7,2,1464,2,6,6,285,498,1272,718
7,2,1464,3,5,8,286,503,863,696
7,2,1464,4,1,0,291,504,1088,1019
7,2,1464,5,4,4,293,501,1429,1140
7,2,1464,6,1,0,297,504,751,581
7,2,1464,7,7,9,302,500,1013,686
7,2,1464,8,1,0,305,501,927,331
7,2,1464,9,1,0,306,469,861,570
7,2,1464,10,1,0,309,507,1473,561
7,2,1464,11,4,4,315,460,1134,1117
7,2,1464,12,2,2,324,491,977,881
8,1,1798,1,2,2,220,496,1339,1155
8,1,1798,2,1,0,234,465,1813,1428
8,1,1798,3,2,3,236,491,1213,860
8,1,1798,4,2,2,238,454,1207,1071
8,1,1798,5,1,0,238,448,1127,926
8,1,1798,6,9,12,241,451,1346,1039
8,1,1798,7,2,3,240,467,1562,1119
8,1,1798,8,9,14,244,446,1599,1174
8,1,1798,9,2,2,245,461,2013,1924
8,1,1798,10,1,0,248,457,1061,976
8,1,1798,11,12,12,250,438,1491,1108
8,1,1798,12,1,0,250,451,1346,779
8,1,1798,13,7,7,254,434,1583,1063
8,1,1798,14,4,6,257,440,1247,1153
8,1,1798,15,2,2,257,433,1440,686
8,1,1798,16,4,4,258,449,1272,1284
8,1,1798,17,1,0,262,496,2066,1655
8,1,1798,18,2,2,266,445,1301,1117
8,1,1798,19,1,0,267,430,1040,451
8,1,1798,20,1,0,267,450,1444,955
8,1,1798,21,2,2,268,434,1076,649
8,1,1798,22,12,17,272,440,1511,1373
8,1,1798,23,2,2,271,445,1534,1201
8,1,1798,24,2,2,272,449,2304,1596
8,1,1798,25,3,3,276,444,1135,1227
8,1,1798,26,8,13,278,450,1717,1257
8,1,1798,27,2,2,279,445,1404,1196
8,1,1798,28,2,2,281,438,1290,1065
8,1,1798,29,1,0,283,454,1187,1239
8,1,1798,30,3,3,285,425,1410,1168
8,1,1798,31,1,0,291,451,1370,1361
8,1,1798,32,1,0,294,434,1442,692
8,2,1434,1,5,5,280,508,1068,626
8,2,1434,2,3,5,285,504,735,557
8,2,1434,3,3,3,285,497,1461,803
8,2,1434,4,4,5,291,504,886,736
8,2,1434,5,4,4,293,501,1215,1002
8,2,1434,6,2,2,294,510,745,626
8,2,1434,7,1,0,297,504,925,753
8,2,1434,8,8,14,302,501,1155,593
8,2,1434,9,1,0,310,507,1005,481
8,2,1434,10,3,3,314,459,1173,1070
8,2,1434,11,2,2,324,491,1139,1022
9,1,1818,1,1,0,220,496,1058,728
9,1,1818,2,3,3,232,471,1294,1081
9,1,1818,3,4,4,234,466,1450,974
9,1,1818,4,2,2,236,490,1313,488
9,1,1818,5,1,0,237,454,1265,1039
9,1,1818,6,9,14,241,451,1453,1076
9,1,1818,7,2,3,240,467,1409,1007
9,1,1818,8,10,17,245,446,1553,1194
9,1,1818,9,1,0,243,443,1102,948
9,1,1818,10,4,5,244,461,1724,1283
9,1,1818,11,9,11,250,438,1524,1202
9,1,1818,12,9,11,254,435,1548,1023
9,1,1818,13,2,3,257,441,1206,1119
9,1,1818,14,5,7,257,449,1419,1073
9,1,1818,15,1,0,258,432,1083,938
9,1,1818,16,1,0,262,496,1281,1258
9,1,1818,17,1,0,265,445,1089,1329
9,1,1818,18,2,2,267,450,1186,1111
9,1,1818,19,1,0,267,434,1351,1528
9,1,1818,20,1,0,270,431,1272,1125
9,1,1818,21,4,4,271,440,1562,1106
9,1,1818,22,1,0,270,444,1219,388
9,1,1818,23,4,4,272,449,1202,939
9,1,1818,24,6,6,274,440,1387,1364
9,1,1818,25,2,2,276,444,1609,1455
9,1,1818,26,11,13,278,450,1690,994
9,1,1818,27,1,0,277,422,1132,960
9,1,1818,28,2,2,282,437,1642,1586
9,1,1818,29,1,0,283,455,1090,1070
9,1,1818,30,3,3,287,424,1551,1246
9,1,1818,31,1,0,288,455,1226,914
9,1,1818,32,1,0,296,432,1119,749
9,2,1438,1,1,0,278,507,847,626
9,2,1438,2,6,9,280,508,880,563
9,2,1438,3,4,5,285,497,1376,820
9,2,1438,4,3,3,285,503,1002,794
9,2,1438,5,1,0,291,506,856,741
9,2,1438,6,1,0,292,504,1369,896
9,2,1438,7,2,2,293,501,1224,1057
9,2,1438,8,2,2,298,504,785,788
9,2,1438,9,3,3,301,499,1178,1020
9,2,1438,10,5,7,303,501,996,497
9,2,1438,11,2,3,310,508,1009,309
9,2,1438,12,4,5,314,459,1017,859
9,2,1438,13,2,2,324,491,1039,1113
9,2,1438,14,2,2,335,477,762,408
10,1,1851,1,1,0,219,496,1388,879
10,1,1851,2,2,2,227,481,1277,882
10,1,1851,3,1,0,230,477,1328,929
10,1,1851,4,5,5,231,471,1437,1000
10,1,1851,5,3,3,234,465,1443,1110
10,1,1851,6,3,3,235,490,1508,1200
10,1,1851,7,2,2,237,449,1245,758
10,1,1851,8,2,2,237,454,1225,1038
10,1,1851,9,7,9,240,450,1406,1043
10,1,1851,10,1,0,240,466,1794,1555
10,1,1851,11,1,0,242,446,1493,1337
10,1,1851,12,3,3,244,450,1442,850
10,1,1851,13,5,7,244,461,1474,1158
10,1,1851,14,7,8,246,446,1566,1165
10,1,1851,15,11,14,250,438,1509,1107
10,1,1851,16,4,4,254,435,2125,1387
10,1,1851,17,1,0,255,441,1657,1078
10,1,1851,18,2,2,256,437,1618,1113
10,1,1851,19,2,2,257,448,1221,968
10,1,1851,20,1,0,257,431,1104,937
10,1,1851,21,1,0,257,441,1235,743
10,1,1851,22,1,0,259,449,1931,1396
10,1,1851,23,1,0,263,496,1541,1607
10,1,1851,24,3,4,267,450,1248,1024
10,1,1851,25,3,3,270,440,1830,1185
10,1,1851,26,2,2,270,445,1149,972
10,1,1851,27,3,5,272,448,1413,1300
10,1,1851,28,10,14,274,441,1276,1191
10,1,1851,29,1,0,276,423,1269,1149
10,1,1851,30,6,10,277,450,1854,1327
10,1,1851,31,1,0,279,448,1116,1311
10,1,1851,32,3,3,281,437,1643,1220
10,1,1851,33,1,0,283,454,1378,1168
10,1,1851,34,1,0,284,444,1133,779
10,1,1851,35,3,3,289,423,1583,953
10,2,1514,1,5,5,281,505,1090,778
10,2,1514,2,1,0,280,508,1165,765
10,2,1514,3,3,3,285,497,1450,969
10,2,1514,4,3,3,285,503,1156,893
10,2,1514,5,1,0,285,506,819,506
10,2,1514,6,1,0,289,506,1333,1108
10,2,1514,7,3,3,293,500,1011,1100
10,2,1514,8,1,0,293,505,1187,1206
10,2,1514,9,1,0,298,504,1039,1226
10,2,1514,10,11,14,302,500,1171,665
10,2,1514,11,4,4,315,460,1197,700
10,2,1514,12,2,2,324,491,948,736
11,1,1814,1,1,0,228,476,1272,1213
11,1,1814,2,5,7,231,471,1228,1152
11,1,1814,3,4,4,234,466,1378,1183
11,1,1814,4,3,3,236,488,1722,884
11,1,1814,5,2,2,238,449,1326,567
11,1,1814,6,7,13,239,451,1394,1210
11,1,1814,7,4,5,240,466,1260,1204
11,1,1814,8,5,5,241,445,1345,1114
11,1,1814,9,3,3,243,450,1481,923
11,1,1814,10,3,3,243,461,1386,1201
11,1,1814,11,6,7,246,446,1667,1270
11,1,1814,12,4,4,250,437,1553,1206
11,1,1814,13,5,7,250,440,1641,1132
11,1,1814,14,4,4,254,435,2191,1465
11,1,1814,15,2,2,254,442,1398,1220
11,1,1814,16,2,2,256,437,1682,1346
11,1,1814,17,1,0,256,448,1423,1246
11,1,1814,18,1,0,257,431,1351,969
11,1,1814,19,2,2,257,441,1357,809
11,1,1814,20,1,0,259,449,1567,1111
11,1,1814,21,1,0,263,496,1458,1701
11,1,1814,22,2,2,267,450,1278,1122
11,1,1814,23,4,4,270,440,1753,1244
11,1,1814,24,2,2,271,445,1523,1646
11,1,1814,25,5,7,272,448,1362,1023
11,1,1814,26,5,5,273,440,1441,1300
11,1,1814,27,1,0,275,423,1803,1190
11,1,1814,28,2,2,276,442,1432,1384
11,1,1814,29,14,13,278,450,1466,1030
11,1,1814,30,2,2,281,437,1573,1035
11,1,1814,31,1,0,288,423,1730,1455
11,2,1465,1,8,12,281,506,917,783
11,2,1465,2,5,6,285,498,1372,862
11,2,1465,3,2,2,286,503,1048,813
11,2,1465,4,1,0,288,506,751,702
11,2,1465,5,4,4,293,500,999,594
11,2,1465,6,1,0,292,505,965,1200
11,2,1465,7,1,0,297,503,1170,806
11,2,1465,8,6,10,302,501,1456,937
11,2,1465,9,2,2,307,501,930,1004
11,2,1465,10,3,3,314,459,1054,916
11,2,1465,11,1,0,321,502,817,270
11,2,1465,12,1,0,324,491,934,1184
12,1,1848,1,1,0,218,497,1720,1369
12,1,1848,2,1,0,228,476,1245,986
12,1,1848,3,3,3,231,471,1336,1182
12,1,1848,4,3,3,234,466,1592,1330
12,1,1848,5,2,2,236,491,1422,1081
12,1,1848,6,4,7,237,453,1219,779
12,1,1848,7,1,0,238,449,1471,1653
12,1,1848,8,3,3,240,466,1249,1194
12,1,1848,9,11,17,242,445,1315,988
12,1,1848,10,8,9,242,450,1419,970
12,1,1848,11,1,0,242,453,1139,990
12,1,1848,12,1,0,243,438,1245,833
12,1,1848,13,2,2,243,462,1749,1634
12,1,1848,14,6,7,246,446,1728,1344
12,1,1848,15,4,7,249,440,1229,800
12,1,1848,16,2,3,250,437,1654,1312
12,1,1848,17,1,0,250,450,1178,675
12,1,1848,18,11,12,254,435,1448,1155
12,1,1848,19,1,0,253,442,1594,1429
12,1,1848,20,3,3,256,448,1224,1082
12,1,1848,21,1,0,257,440,1212,892
12,1,1848,22,1,0,258,449,1238,1102
12,1,1848,23,2,2,264,495,1647,1277
12,1,1848,24,1,0,266,450,1242,1247
12,1,1848,25,4,4,270,440,1978,1231
12,1,1848,26,1,0,270,445,1562,1483
12,1,1848,27,3,3,273,441,1381,1153
12,1,1848,28,2,3,273,450,1210,1113
12,1,1848,29,1,0,273,447,1985,1729
12,1,1848,30,1,0,274,423,1224,1349
12,1,1848,31,11,12,277,449,1517,960
12,1,1848,32,2,2,277,441,1282,1022
12,1,1848,33,2,2,281,437,1548,1088
12,1,1848,34,1,0,283,446,1234,1034
12,1,1848,35,1,0,283,454,1459,1235
12,1,1848,36,2,2,288,423,1635,1184
12,2,1608,1,4,8,279,508,1203,1072
12,2,1608,2,5,5,282,504,1440,1140
12,2,1608,3,3,3,285,498,1679,895
12,2,1608,4,2,2,286,504,1029,871
12,2,1608,5,2,2,293,505,1161,940
12,2,1608,6,1,0,293,500,951,1080
12,2,1608,7,4,5,301,500,1137,849
12,2,1608,8,4,5,303,502,1590,645
12,2,1608,9,2,2,307,501,1165,1106
12,2,1608,10,1,0,311,509,1376,991
12,2,1608,11,4,4,314,460,1170,967
12,2,1608,12,1,0,321,502,1043,739
12,2,1608,13,2,2,324,491,1118,1026
13,1,1758,1,1,0,217,498,1984,1825
13,1,1758,2,1,0,226,481,1026,1041
13,1,1758,3,1,0,228,481,1105,1074
13,1,1758,4,4,7,231,472,1181,1320
13,1,1758,5,4,4,234,466,1381,1045
13,1,1758,6,1,0,234,484,1230,1223
13,1,1758,7,3,3,236,491,1277,978
13,1,1758,8,3,3,237,449,1159,824
13,1,1758,9,4,5,238,452,1388,950
13,1,1758,10,2,3,240,466,1475,1205
13,1,1758,11,10,16,242,445,1232,981
13,1,1758,12,6,9,241,450,1337,874
13,1,1758,13,1,0,242,453,1103,979
13,1,1758,14,1,0,243,439,1227,1682
13,1,1758,15,1,0,243,462,1134,1055
13,1,1758,16,5,6,247,446,1644,1460
13,1,1758,17,4,6,249,438,1491,1198
13,1,1758,18,1,0,249,451,1037,344
13,1,1758,19,7,7,254,434,1668,1121
13,1,1758,20,1,0,253,442,1301,1283
13,1,1758,21,3,5,255,437,1695,1252
13,1,1758,22,6,6,257,449,1293,913
13,1,1758,23,1,0,257,440,1517,1254
13,1,1758,24,2,2,266,450,1088,1105
13,1,1758,25,4,4,269,440,1502,1078
13,1,1758,26,2,2,271,445,1616,1320
13,1,1758,27,1,0,271,430,1211,1074
13,1,1758,28,2,2,273,447,1512,1518
13,1,1758,29,13,18,277,449,1628,1231
13,1,1758,30,2,2,275,423,1222,1205
13,1,1758,31,3,5,275,442,1175,938
13,1,1758,32,3,3,280,437,1575,1030
13,1,1758,33,1,0,283,454,1169,1394
13,1,1758,34,1,0,288,423,2080,1581
13,2,1624,1,1,0,279,509,1158,815
13,2,1624,2,9,12,284,504,1185,1000
13,2,1624,3,4,4,285,499,1370,785
13,2,1624,4,1,0,289,506,951,895
13,2,1624,5,1,0,292,505,1327,1520
13,2,1624,6,1,0,297,504,1169,1131
13,2,1624,7,4,6,302,500,1127,775
13,2,1624,8,4,4,303,503,1584,797
13,2,1624,9,2,2,308,501,1092,778
13,2,1624,10,2,2,311,509,1321,916
13,2,1624,11,4,5,314,459,1177,882
13,2,1624,12,1,0,320,503,988,1079
13,2,1624,13,1,0,323,495,951,672
13,2,1624,14,1,0,324,490,1271,1056
14,1,1824,1,1,0,218,497,1388,797
14,1,1824,2,1,0,226,481,1368,1084
14,1,1824,3,1,0,228,477,1269,918
14,1,1824,4,2,2,230,471,1539,1357
14,1,1824,5,1,0,230,477,1126,1033
14,1,1824,6,1,0,231,473,1195,1249
14,1,1824,7,4,4,234,466,1252,1012
14,1,1824,8,3,3,236,491,1757,1080
14,1,1824,9,2,2,238,448,1365,1039
14,1,1824,10,5,7,237,452,1186,782
14,1,1824,11,2,2,240,466,1175,971
14,1,1824,12,8,9,242,445,1309,1021
14,1,1824,13,7,10,241,450,1404,852
14,1,1824,14,6,7,246,446,1650,1218
14,1,1824,15,2,2,249,437,2066,1726
14,1,1824,16,2,3,250,451,1167,772
14,1,1824,17,1,0,251,442,1150,705
14,1,1824,18,11,18,254,435,1531,1051
14,1,1824,19,1,0,253,442,1438,928
14,1,1824,20,7,7,257,449,1222,1209
14,1,1824,21,1,0,261,495,1336,797
14,1,1824,22,3,3,265,451,1119,1437
14,1,1824,23,3,3,269,439,1538,982
14,1,1824,24,1,0,269,491,1954,2008
14,1,1824,25,2,2,271,445,1382,1278
14,1,1824,26,1,0,271,430,1390,1265
14,1,1824,27,2,2,272,441,1420,1486
14,1,1824,28,2,2,273,447,1283,1127
14,1,1824,29,3,3,273,449,1335,705
14,1,1824,30,2,2,274,445,1194,804
14,1,1824,31,2,2,275,423,1251,1073
14,1,1824,32,1,0,274,442,1485,850
14,1,1824,33,9,13,277,449,1646,1081
14,1,1824,34,2,2,277,442,1521,1381
14,1,1824,35,3,3,280,437,1555,1110
14,1,1824,36,1,0,283,454,1064,1046
14,1,1824,37,2,2,285,426,1102,934
14,2,1674,1,1,0,279,508,1485,919
14,2,1674,2,10,13,285,503,1375,1032
14,2,1674,3,4,4,285,499,1737,954
14,2,1674,4,2,2,289,506,1277,704
14,2,1674,5,2,2,293,500,1157,1102
14,2,1674,6,1,0,292,505,1010,1233
14,2,1674,7,1,0,297,504,1009,776
14,2,1674,8,7,13,302,501,1267,773
14,2,1674,9,1,0,311,510,1307,648
14,2,1674,10,4,5,314,459,1375,1027
14,2,1674,11,2,2,324,490,1144,914
15,1,1823,1,1,0,228,476,1695,1370
15,1,1823,2,4,6,230,471,1324,1290
15,1,1823,3,3,3,234,466,1450,1245
15,1,1823,4,5,5,235,491,1344,841
15,1,1823,5,4,5,237,453,1278,945
15,1,1823,6,1,0,238,448,1234,896
15,1,1823,7,4,7,240,445,1413,942
15,1,1823,8,1,0,240,465,1786,1312
15,1,1823,9,1,0,241,451,1890,690
15,1,1823,10,1,0,243,438,1156,951
15,1,1823,11,8,8,245,446,1532,1008
15,1,1823,12,3,3,243,449,1525,976
15,1,1823,13,3,3,249,436,1738,1273
15,1,1823,14,4,6,249,440,1297,812
15,1,1823,15,3,3,249,450,1100,844
15,1,1823,16,12,14,254,435,1472,972
15,1,1823,17,1,0,253,442,1155,877
15,1,1823,18,1,0,257,439,1299,1105
15,1,1823,19,4,5,257,449,1646,1263
15,1,1823,20,1,0,263,437,1085,1065
15,1,1823,21,3,4,265,450,1208,1013
15,1,1823,22,1,0,265,445,1213,1082
15,1,1823,23,1,0,268,441,1352,956
15,1,1823,24,1,0,269,432,1073,1112
15,1,1823,25,3,3,270,439,1667,782
15,1,1823,26,2,2,270,491,1331,1556
15,1,1823,27,2,2,271,445,1601,1655
15,1,1823,28,4,4,272,442,1403,1339
15,1,1823,29,1,0,272,447,1263,1305
15,1,1823,30,3,3,274,445,1225,716
15,1,1823,31,2,2,273,450,1428,1083
15,1,1823,32,1,0,274,423,1305,824
15,1,1823,33,8,10,277,450,1719,1130
15,1,1823,34,1,0,277,441,1065,1196
15,1,1823,35,2,2,279,448,1505,1189
15,1,1823,36,3,4,280,437,1586,1003
15,1,1823,37,1,0,283,446,1338,950
15,1,1823,38,2,2,284,454,1103,941
15,2,1646,1,1,0,279,509,1292,604
15,2,1646,2,10,11,284,504,1395,1230
15,2,1646,3,4,4,285,499,1605,814
15,2,1646,4,1,0,288,506,999,1048
15,2,1646,5,3,3,292,499,1572,1426
15,2,1646,6,1,0,292,504,1218,1294
15,2,1646,7,3,3,301,499,1153,880
15,2,1646,8,4,4,302,503,1488,875
15,2,1646,9,1,0,307,501,1298,670
15,2,1646,10,3,3,311,510,1175,901
15,2,1646,11,4,4,314,459,1376,957
15,2,1646,12,1,0,324,490,1367,1009
16,1,1771,1,1,0,217,498,1098,1651
16,1,1771,2,1,0,226,483,1106,737
16,1,1771,3,2,2,229,481,1143,982
16,1,1771,4,2,2,230,470,1379,1108
16,1,1771,5,1,0,230,477,1305,1278
16,1,1771,6,2,2,231,473,1091,947
16,1,1771,7,4,4,234,466,1405,1243
16,1,1771,8,4,4,236,491,1264,1161
16,1,1771,9,2,2,238,449,1041,918
16,1,1771,10,1,0,237,453,1566,1128
16,1,1771,11,3,3,239,447,1276,1049
16,1,1771,12,1,0,240,465,1717,1248
16,1,1771,13,1,0,241,451,1029,582
16,1,1771,14,1,0,242,447,1065,638
16,1,1771,15,1,0,244,437,1237,964
16,1,1771,16,7,7,245,446,1436,924
16,1,1771,17,2,2,245,449,1147,821
16,1,1771,18,9,11,249,439,1517,985
16,1,1771,19,2,2,250,450,1255,1029
16,1,1771,20,5,5,253,434,1626,1060
16,1,1771,21,1,0,253,441,1096,528
16,1,1771,22,5,7,254,437,1234,998
16,1,1771,23,4,4,257,450,1602,1310
16,1,1771,24,2,3,258,439,1155,833
16,1,1771,25,1,0,261,496,1591,1113
16,1,1771,26,1,0,265,444,1877,1617
16,1,1771,27,1,0,266,450,1045,1079
16,1,1771,28,2,2,268,492,1295,1041
16,1,1771,29,2,3,269,433,1074,907
16,1,1771,30,1,0,268,441,1181,905
16,1,1771,31,2,2,270,445,1619,1237
16,1,1771,32,1,0,270,438,1156,825
16,1,1771,33,7,9,273,441,1503,1425
16,1,1771,34,6,7,273,446,1404,1288
16,1,1771,35,2,2,273,449,1816,1360
16,1,1771,36,2,2,274,423,1164,1212
16,1,1771,37,7,10,276,450,1890,1250
16,1,1771,38,3,3,279,448,1394,1107
16,1,1771,39,3,3,280,437,1541,1037
16,1,1771,40,1,0,283,446,1093,900
16,2,1585,1,11,13,284,504,1267,961
16,2,1585,2,4,4,286,498,1335,920
16,2,1585,3,1,0,286,506,911,957
16,2,1585,4,3,3,292,503,950,845
16,2,1585,5,4,4,294,499,1438,1322
16,2,1585,6,1,0,299,504,1092,316
16,2,1585,7,6,10,302,501,1373,825
16,2,1585,8,1,0,307,501,872,753
16,2,1585,9,3,3,313,458,1513,1082
16,2,1585,10,2,2,325,489,1039,880
16,2,1585,11,1,0,335,476,879,351
17,1,1782,1,1,0,217,497,1189,1321
17,1,1782,2,1,0,228,476,1137,1381
17,1,1782,3,1,0,228,481,1431,1365
17,1,1782,4,2,2,230,470,1395,1233
17,1,1782,5,1,0,230,477,1043,641
17,1,1782,6,1,0,231,472,1465,1135
17,1,1782,7,4,4,234,466,1574,1216
17,1,1782,8,3,3,235,490,1815,1412
17,1,1782,9,3,3,237,452,1313,739
17,1,1782,10,6,7,239,447,1248,930
17,1,1782,11,2,2,240,465,1156,1119
17,1,1782,12,5,8,242,450,1284,846
17,1,1782,13,11,17,245,446,1345,914
17,1,1782,14,7,8,249,439,1447,1092
17,1,1782,15,2,2,250,450,1155,681
17,1,1782,16,13,14,254,435,1427,896
17,1,1782,17,1,0,256,431,1114,535
17,1,1782,18,5,5,257,450,1468,1110
17,1,1782,19,2,3,258,439,1262,794
17,1,1782,20,1,0,261,496,1621,1346
17,1,1782,21,2,2,265,444,1756,1146
17,1,1782,22,2,2,266,450,1468,1302
17,1,1782,23,1,0,267,492,1275,1554
17,1,1782,24,1,0,268,432,1081,1125
17,1,1782,25,1,0,268,441,1173,793
17,1,1782,26,1,0,269,439,1207,693
17,1,1782,27,3,3,270,442,1245,1319
17,1,1782,28,3,4,271,445,1341,980
17,1,1782,29,1,0,272,424,1392,1322
17,1,1782,30,4,7,273,448,1720,1529
17,1,1782,31,3,3,274,442,1443,1201
17,1,1782,32,10,14,277,450,1442,1102
17,1,1782,33,2,2,281,437,1655,1110
17,1,1782,34,1,0,283,446,1182,1102
17,2,1550,1,12,11,284,504,1356,1077
17,2,1550,2,4,4,285,498,1663,835
17,2,1550,3,1,0,291,503,848,595
17,2,1550,4,3,3,293,498,1412,1301
17,2,1550,5,1,0,293,504,1195,679
17,2,1550,6,1,0,299,504,1006,743
17,2,1550,7,7,9,302,501,1409,885
17,2,1550,8,1,0,307,508,965,499
17,2,1550,9,4,4,314,459,1457,839
17,2,1550,10,1,0,325,488,1038,757
18,1,1798,1,1,0,217,497,1439,1090
18,1,1798,2,2,2,228,477,1172,1181
18,1,1798,3,2,2,230,470,1592,1303
18,1,1798,4,1,0,231,472,1271,1025
18,1,1798,5,4,4,234,466,1415,1171
18,1,1798,6,3,3,235,491,1755,1056
18,1,1798,7,1,0,237,453,1245,1090
18,1,1798,8,1,0,238,449,1526,644
18,1,1798,9,6,7,240,447,1498,1011
18,1,1798,10,2,2,240,466,1229,1053
18,1,1798,11,4,4,244,450,1459,1022
18,1,1798,12,5,5,245,446,1647,1003
18,1,1798,13,8,9,249,440,1572,1100
18,1,1798,14,2,2,250,450,1178,869
18,1,1798,15,11,12,254,436,1657,1136
18,1,1798,16,1,0,256,431,1380,941
18,1,1798,17,6,6,257,450,1470,1234
18,1,1798,18,3,3,258,439,1170,813
18,1,1798,19,1,0,261,496,1654,1102
18,1,1798,20,1,0,265,444,1585,1518
18,1,1798,21,2,2,266,450,1573,1256
18,1,1798,22,1,0,266,493,1301,1805
18,1,1798,23,1,0,267,432,1162,1009
18,1,1798,24,1,0,270,427,1107,1332
18,1,1798,25,18,21,272,443,1334,1196
18,1,1798,26,2,2,272,449,1566,1377
18,1,1798,27,10,13,277,449,1617,1129
18,1,1798,28,4,4,281,437,1426,1200
18,1,1798,29,2,2,282,427,1381,868
18,2,1548,1,12,12,284,505,1265,1137
18,2,1548,2,4,5,284,498,1475,927
18,2,1548,3,4,4,294,499,1571,1654
18,2,1548,4,1,0,293,505,886,584
18,2,1548,5,6,7,301,501,1438,910
18,2,1548,6,1,0,307,467,1119,620
18,2,1548,7,1,0,310,510,887,612
18,2,1548,8,5,8,314,458,1021,846
18,2,1548,9,2,2,325,489,1042,763
19,1,1757,1,2,2,217,498,1122,987
19,1,1757,2,1,0,228,477,1308,1234
19,1,1757,3,4,6,230,471,1376,1220
19,1,1757,4,1,0,230,477,1039,911
19,1,1757,5,4,4,234,466,1435,1114
19,1,1757,6,4,4,236,491,1524,1197
19,1,1757,7,2,2,238,449,1060,782
19,1,1757,8,1,0,237,453,1077,1514
19,1,1757,9,5,7,240,446,1348,1067
19,1,1757,10,1,0,240,465,1929,1204
19,1,1757,11,7,8,243,449,1247,929
19,1,1757,12,6,6,245,446,1387,1296
19,1,1757,13,10,10,249,439,1389,894
19,1,1757,14,2,2,250,450,1235,1042
19,1,1757,15,14,14,254,436,1397,1114
19,1,1757,16,1,0,256,431,1152,725
19,1,1757,17,5,7,257,449,1622,1210
19,1,1757,18,1,0,257,440,1281,809
19,1,1757,19,1,0,258,438,1172,901
19,1,1757,20,1,0,261,496,1223,1282
19,1,1757,21,1,0,265,444,1282,920
19,1,1757,22,2,2,266,450,1512,1408
19,1,1757,23,1,0,265,493,1179,939
19,1,1757,24,14,25,273,443,1477,1100
19,1,1757,25,2,2,272,449,1382,1195
19,1,1757,26,3,3,275,450,1345,1391
19,1,1757,27,9,12,278,449,1382,913
19,1,1757,28,3,3,280,437,1543,1150
19,2,1630,1,11,12,283,505,1407,1139
19,2,1630,2,4,4,285,498,1388,879
19,2,1630,3,1,0,289,501,915,561
19,2,1630,4,3,3,293,498,1604,1382
19,2,1630,5,10,9,301,501,1263,802
19,2,1630,6,1,0,302,505,1076,785
19,2,1630,7,2,2,312,510,1529,1068
19,2,1630,8,3,4,314,458,1133,1067
19,2,1630,9,1,0,319,503,932,857
20,1,1826,1,1,0,225,482,1290,1742
20,1,1826,2,2,3,228,472,1282,1300
20,1,1826,3,2,2,227,478,1423,1202
20,1,1826,4,4,5,231,466,1451,1128
20,1,1826,5,1,0,231,484,1133,1103
20,1,1826,6,3,3,233,491,1672,1256
20,1,1826,7,1,0,235,449,1624,847
20,1,1826,8,3,4,235,454,1206,900
20,1,1826,9,9,14,240,446,1633,1152
20,1,1826,10,2,2,237,466,1208,1193
20,1,1826,11,5,5,241,449,1582,942
20,1,1826,12,1,0,241,438,1310,1138
20,1,1826,13,4,5,246,438,1530,1116
20,1,1826,14,6,8,248,441,1506,1038
20,1,1826,15,1,0,248,450,1450,1286
20,1,1826,16,12,12,252,436,1676,1206
20,1,1826,17,1,0,254,432,1054,582
20,1,1826,18,6,6,255,450,1397,1323
20,1,1826,19,2,2,259,496,1236,1041
20,1,1826,20,2,2,263,494,1314,1435
20,1,1826,21,2,2,263,445,1302,1145
20,1,1826,22,3,3,264,450,1341,1165
20,1,1826,23,1,0,264,434,1429,1460
20,1,1826,24,11,14,269,443,1577,1382
20,1,1826,25,2,2,270,449,1557,1138
20,1,1826,26,3,5,273,442,1696,1935
20,1,1826,27,1,0,273,440,1192,1009
20,1,1826,28,10,15,275,451,1553,1114
20,1,1826,29,4,5,278,437,1500,1379
20,1,1826,30,1,0,293,432,1234,674
20,2,1621,1,1,0,278,505,1186,636
20,2,1621,2,10,12,281,504,1436,1371
20,2,1621,3,2,2,283,498,1676,849
20,2,1621,4,2,2,290,505,1109,779
20,2,1621,5,8,9,299,501,1473,977
20,2,1621,6,1,0,300,505,1206,567
20,2,1621,7,1,0,305,508,1021,465
20,2,1621,8,1,0,308,510,1615,1261
20,2,1621,9,5,6,312,458,1483,1052
20,2,1621,10,2,2,317,503,986,697
20,2,1621,11,1,0,322,489,1206,1394
20,2,1621,12,1,0,327,488,1032,637
21,1,1699,1,1,0,225,482,997,1273
21,1,1699,2,3,3,228,471,1292,1029
21,1,1699,3,1,0,227,478,1435,1052
21,1,1699,4,4,5,231,466,1517,1243
21,1,1699,5,2,3,232,485,1046,784
21,1,1699,6,1,0,233,491,1450,1003
21,1,1699,7,2,2,235,450,1507,896
21,1,1699,8,2,2,235,455,1329,841
21,1,1699,9,1,0,236,468,1092,855
21,1,1699,10,3,4,238,447,1886,1559
21,1,1699,11,1,0,237,466,1165,1151
21,1,1699,12,6,6,240,450,1642,972
21,1,1699,13,1,0,241,438,1145,1348
21,1,1699,14,5,5,242,446,1957,1543
21,1,1699,15,1,0,244,446,951,745
21,1,1699,16,10,16,247,439,1349,935
21,1,1699,17,4,5,248,451,1355,861
21,1,1699,18,18,21,252,436,1514,1207
21,1,1699,19,2,2,253,442,1437,889
21,1,1699,20,2,2,255,449,1536,1257
21,1,1699,21,1,0,255,440,1326,1082
21,1,1699,22,2,2,259,496,1163,805
21,1,1699,23,2,2,261,434,1327,980
21,1,1699,24,1,0,262,445,1218,725
21,1,1699,25,1,0,264,435,1253,735
21,1,1699,26,2,2,264,451,953,819
21,1,1699,27,2,3,267,442,997,837
21,1,1699,28,7,7,269,445,1422,1237
21,1,1699,29,2,2,270,450,2000,1504
21,1,1699,30,5,8,273,442,1424,1339
21,1,1699,31,1,0,273,451,1488,1029
21,1,1699,32,2,2,276,452,2089,1115
21,1,1699,33,1,0,276,447,1285,1025
21,1,1699,34,3,3,277,449,1498,1199
21,1,1699,35,3,3,278,437,1202,1078
21,2,1479,1,9,8,281,504,1380,1092
21,2,1479,2,2,2,283,498,1366,995
21,2,1479,3,1,0,289,504,937,524
21,2,1479,4,7,7,299,502,1411,970
21,2,1479,5,1,0,301,505,1191,743
21,2,1479,6,2,3,304,470,834,499
21,2,1479,7,3,3,305,509,1380,1065
21,2,1479,8,2,2,309,510,1065,806
21,2,1479,9,5,5,312,458,1376,1151
21,2,1479,10,1,0,322,489,992,1098
21,2,1479,11,2,2,327,489,1099,856
22,1,1795,1,1,0,225,481,1056,203
22,1,1795,2,2,2,228,472,1228,937
22,1,1795,3,6,6,231,465,1413,818
22,1,1795,4,1,0,231,484,1386,982
22,1,1795,5,3,4,232,490,1316,775
22,1,1795,6,2,2,235,449,1329,774
22,1,1795,7,1,0,234,453,1279,636
22,1,1795,8,3,3,237,447,1735,1340
22,1,1795,9,2,2,237,466,1098,944
22,1,1795,10,6,6,240,449,1454,866
22,1,1795,11,6,6,241,446,2045,1117
22,1,1795,12,6,8,246,437,1276,777
22,1,1795,13,3,3,246,440,1239,743
22,1,1795,14,2,2,248,450,1963,1209
22,1,1795,15,18,22,251,436,1481,955
22,1,1795,16,3,6,253,441,1531,1017
22,1,1795,17,3,3,253,448,1603,1020
22,1,1795,18,1,0,253,451,1254,1320
22,1,1795,19,1,0,258,496,1143,875
22,1,1795,20,1,0,260,434,1142,765
22,1,1795,21,1,0,262,444,1280,686
22,1,1795,22,1,0,267,440,1314,729
22,1,1795,23,6,7,269,444,1802,1079
22,1,1795,24,2,2,270,429,1194,914
22,1,1795,25,2,2,270,449,1912,1160
22,1,1795,26,4,4,273,442,1959,1419
22,1,1795,27,1,0,272,444,1077,767
22,1,1795,28,12,14,275,451,1450,854
22,1,1795,29,1,0,274,469,1283,741
22,1,1795,30,3,3,279,436,1443,948
22,2,1434,1,9,9,280,504,1303,866
22,2,1434,2,1,0,287,499,981,378
22,2,1434,3,8,10,298,502,1329,690
22,2,1434,4,1,0,303,469,905,774
22,2,1434,5,4,4,305,509,1732,819
22,2,1434,6,2,2,309,510,1013,939
22,2,1434,7,6,6,311,458,1440,969
22,2,1434,8,1,0,321,489,809,796
22,2,1434,9,2,2,325,489,1261,464
22,2,1434,10,1,0,327,490,771,510
23,1,1815,1,1,0,225,482,1362,746
23,1,1815,2,1,0,226,478,1329,746
23,1,1815,3,2,3,228,472,1219,823
23,1,1815,4,5,6,230,465,1448,615
23,1,1815,5,1,0,231,484,1337,873
23,1,1815,6,2,2,233,489,1198,477
23,1,1815,7,2,2,235,449,1258,843
23,1,1815,8,1,0,234,453,1217,600
23,1,1815,9,13,17,239,448,1411,621
23,1,1815,10,2,2,236,467,1083,679
23,1,1815,11,6,7,241,445,1595,783
23,1,1815,12,7,11,246,439,1479,800
23,1,1815,13,3,4,247,450,1396,588
23,1,1815,14,1,0,247,436,1740,648
23,1,1815,15,18,20,252,436,1482,800
23,1,1815,16,4,6,253,441,1282,707
23,1,1815,17,2,2,253,449,1509,1135
23,1,1815,18,1,0,253,451,1607,679
23,1,1815,19,1,0,260,435,1082,454
23,1,1815,20,2,2,261,496,1667,1176
23,1,1815,21,2,2,262,445,1282,736
23,1,1815,22,1,0,262,450,1125,665
23,1,1815,23,3,4,268,449,1521,894
23,1,1815,24,16,26,271,444,1447,748
23,1,1815,25,1,0,271,430,1144,884
23,1,1815,26,2,2,273,451,1369,744
23,1,1815,27,2,2,276,451,2093,981
23,1,1815,28,3,3,279,435,1624,913
23,2,1525,1,7,7,281,502,1182,722
23,2,1525,2,1,0,283,505,1250,825
23,2,1525,3,1,0,287,499,962,302
23,2,1525,4,7,8,298,502,1291,544
23,2,1525,5,1,0,300,505,930,510
23,2,1525,6,1,0,303,469,852,513
23,2,1525,7,3,3,304,508,1658,794
23,2,1525,8,4,5,309,510,1406,644
23,2,1525,9,5,6,311,458,1401,772
23,2,1525,10,1,0,321,489,894,782
23,2,1525,11,4,4,326,489,1145,585
24,1,1783,1,1,0,225,481,1177,573
24,1,1783,2,1,0,226,477,1135,609
24,1,1783,3,4,5,230,464,1459,875
24,1,1783,4,1,0,232,450,1170,355
24,1,1783,5,2,2,232,489,1238,511
24,1,1783,6,3,3,234,454,1132,538
24,1,1783,7,1,0,235,449,1544,793
24,1,1783,8,16,21,239,446,1589,603
24,1,1783,9,1,0,236,466,1124,630
24,1,1783,10,1,0,242,449,1375,472
24,1,1783,11,8,13,245,437,1342,472
24,1,1783,12,1,0,244,443,1059,382
24,1,1783,13,3,4,246,450,1211,509
24,1,1783,14,1,0,248,441,1215,301
24,1,1783,15,15,21,251,435,1712,756
24,1,1783,16,5,8,252,441,1316,597
24,1,1783,17,5,7,253,449,1236,645
24,1,1783,18,1,0,257,442,1128,515
24,1,1783,19,1,0,259,492,1096,416
24,1,1783,20,3,3,260,494,1262,550
24,1,1783,21,1,0,262,444,1577,577
24,1,1783,22,1,0,263,450,1159,631
24,1,1783,23,1,0,266,440,1195,497
24,1,1783,24,1,0,267,442,1180,1004
24,1,1783,25,10,16,270,445,1590,679
24,1,1783,26,2,3,270,450,1272,814
24,1,1783,27,1,0,271,429,1254,855
24,1,1783,28,5,8,273,441,1420,662
24,1,1783,29,7,9,274,450,1289,527
24,1,1783,30,1,0,276,488,1072,1136
24,1,1783,31,1,0,278,435,1520,578
24,2,1465,1,8,8,281,502,1242,543
24,2,1465,2,1,0,287,498,776,54
24,2,1465,3,2,2,289,502,1157,369
24,2,1465,4,7,10,298,501,1299,557
24,2,1465,5,1,0,300,504,855,63
24,2,1465,6,2,3,303,469,847,527
24,2,1465,7,3,3,304,508,1963,681
24,2,1465,8,4,4,309,510,1373,586
24,2,1465,9,5,5,311,457,1457,861
24,2,1465,10,1,0,326,487,1735,596
24,2,1465,11,1,0,331,479,1018,263
25,1,1659,1,1,0,226,477,1102,447
25,1,1659,2,6,6,230,464,1313,387
25,1,1659,3,2,3,232,451,963,279
25,1,1659,4,1,0,231,483,1027,1272
25,1,1659,5,1,0,232,463,1164,934
25,1,1659,6,1,0,232,489,995,232
25,1,1659,7,3,3,234,454,1094,302
25,1,1659,8,19,27,240,446,1363,469
25,1,1659,9,1,0,235,450,1093,316
25,1,1659,10,2,2,236,467,1075,645
25,1,1659,11,8,12,246,436,1250,392
25,1,1659,12,3,3,246,440,1162,404
25,1,1659,13,4,5,246,450,1175,191
25,1,1659,14,17,23,251,437,1398,515
25,1,1659,15,2,2,252,431,976,375
25,1,1659,16,2,2,253,448,1447,771
25,1,1659,17,1,0,253,451,1340,254
25,1,1659,18,1,0,262,444,1247,773
25,1,1659,19,4,4,263,492,1208,723
25,1,1659,20,1,0,263,450,1029,301
25,1,1659,21,10,12,270,444,1419,490
25,1,1659,22,1,0,270,430,1076,580
25,1,1659,23,1,0,271,452,1090,1098
25,1,1659,24,7,7,273,441,1402,497
25,1,1659,25,2,2,272,450,1367,461
25,1,1659,26,2,2,275,450,2059,773
25,1,1659,27,2,2,278,436,1039,399
25,2,1370,1,7,7,282,501,1243,406
25,2,1370,2,1,0,286,503,776,386
25,2,1370,3,1,0,290,501,894,380
25,2,1370,4,6,6,298,501,1239,285
25,2,1370,5,1,0,300,501,1132,367
25,2,1370,6,2,2,301,504,795,234
25,2,1370,7,1,0,303,468,794,199
25,2,1370,8,4,5,304,508,1093,309
25,2,1370,9,4,5,308,510,1092,440
25,2,1370,10,4,4,312,458,1360,595
25,2,1370,11,2,2,326,487,1605,532
25,2,1370,12,1,0,326,490,763,250
25,2,1370,13,1,0,331,478,898,211
26,1,1581,1,6,6,230,464,1217,374
26,1,1581,2,2,2,231,483,1029,360
26,1,1581,3,2,2,231,452,1142,72
26,1,1581,4,4,4,235,454,923,198
26,1,1581,5,4,4,236,447,1504,386
26,1,1581,6,1,0,235,450,1363,186
26,1,1581,7,1,0,236,466,1022,267
26,1,1581,8,13,14,241,445,1610,270
26,1,1581,9,14,15,246,437,1165,291
26,1,1581,10,1,0,245,442,867,0
26,1,1581,11,3,3,246,449,1062,300
26,1,1581,12,20,24,252,435,1325,421
26,1,1581,13,1,0,252,430,1012,43
26,1,1581,14,1,0,252,441,1048,0
26,1,1581,15,1,0,253,448,1023,587
26,1,1581,16,1,0,253,451,965,560
26,1,1581,17,1,0,258,430,1241,684
26,1,1581,18,1,0,260,491,1196,262
26,1,1581,19,4,4,263,491,1198,569
26,1,1581,20,1,0,263,434,983,401
26,1,1581,21,1,0,264,429,871,450
26,1,1581,22,5,7,269,443,1296,358
26,1,1581,23,1,0,268,487,934,461
26,1,1581,24,1,0,269,439,1058,29
26,1,1581,25,1,0,270,430,1281,270
26,1,1581,26,2,2,271,446,1587,703
26,1,1581,27,5,6,273,441,1304,456
26,1,1581,28,2,2,274,450,1955,613
26,1,1581,29,2,3,275,455,1234,451
26,1,1581,30,1,0,276,431,1159,385
26,2,1358,1,1,0,277,504,750,248
26,2,1358,2,9,9,282,501,1099,171
26,2,1358,3,1,0,288,498,696,159
26,2,1358,4,4,4,298,502,1273,477
26,2,1358,5,1,0,300,501,688,68
26,2,1358,6,1,0,300,504,801,77
26,2,1358,7,1,0,303,468,754,0
26,2,1358,8,4,4,304,508,1047,103
26,2,1358,9,4,4,309,510,1106,446
26,2,1358,10,7,7,311,457,1328,321
26,2,1358,11,1,0,317,495,683,0
26,2,1358,12,2,2,326,487,1105,206
27,1,1511,1,1,0,226,477,1104,382
27,1,1511,2,3,3,230,464,1398,460
27,1,1511,3,2,2,231,483,1017,526
27,1,1511,4,2,2,231,452,1100,174
27,1,1511,5,1,0,232,463,966,124
27,1,1511,6,1,0,232,489,820,5
27,1,1511,7,3,3,236,447,1276,151
27,1,1511,8,1,0,235,449,1288,921
27,1,1511,9,1,0,236,466,1428,607
27,1,1511,10,12,18,241,446,1523,389
27,1,1511,11,8,9,245,438,1187,221
27,1,1511,12,1,0,244,449,937,258
27,1,1511,13,3,3,246,450,1091,221
27,1,1511,14,25,40,251,436,1190,324
27,1,1511,15,2,2,251,431,1094,26
27,1,1511,16,3,3,254,448,924,407
27,1,1511,17,1,0,258,430,825,1092
27,1,1511,18,2,2,261,491,988,172
27,1,1511,19,1,0,261,432,1006,112
27,1,1511,20,1,0,262,444,1056,53
27,1,1511,21,1,0,263,430,1111,652
27,1,1511,22,1,0,263,434,1196,370
27,1,1511,23,1,0,266,488,901,204
27,1,1511,24,16,22,271,443,1194,314
27,1,1511,25,1,0,268,487,889,543
27,1,1511,26,1,0,270,430,1026,191
27,1,1511,27,2,2,273,451,1321,614
27,1,1511,28,1,0,273,470,1100,516
27,1,1511,29,1,0,275,432,948,308
27,1,1511,30,2,2,275,456,1326,624
27,1,1511,31,3,3,278,436,888,367
27,2,1250,1,1,0,277,504,894,212
27,2,1250,2,8,7,282,501,982,117
27,2,1250,3,1,0,287,498,616,11
27,2,1250,4,2,2,290,500,868,279
27,2,1250,5,5,5,298,501,1115,248
27,2,1250,6,2,2,300,504,700,66
27,2,1250,7,1,0,302,469,724,0
27,2,1250,8,3,3,303,508,852,76
27,2,1250,9,5,5,309,509,987,219
27,2,1250,10,5,5,311,457,1098,350
27,2,1250,11,2,2,325,488,969,153
27,2,1250,12,1,0,331,477,832,0
28,1,1476,1,1,0,225,481,810,80
28,1,1476,2,1,0,226,477,836,96
28,1,1476,3,3,3,230,464,1133,243
28,1,1476,4,1,0,231,451,1560,0
28,1,1476,5,1,0,231,482,1163,358
28,1,1476,6,2,3,233,463,921,228
28,1,1476,7,3,3,232,489,872,87
28,1,1476,8,1,0,234,453,938,137
28,1,1476,9,5,5,236,446,1026,222
28,1,1476,10,1,0,236,466,1318,352
28,1,1476,11,1,0,240,447,874,0
28,1,1476,12,9,12,244,445,1496,353
28,1,1476,13,7,12,245,438,1122,118
28,1,1476,14,3,5,247,450,1223,354
28,1,1476,15,25,37,251,436,1218,256
28,1,1476,16,2,2,250,431,1002,193
28,1,1476,17,1,0,251,453,875,212
28,1,1476,18,1,0,253,448,854,511
28,1,1476,19,2,2,258,430,1164,382
28,1,1476,20,2,2,262,431,982,16
28,1,1476,21,4,5,262,491,1105,129
28,1,1476,22,1,0,262,434,993,115
28,1,1476,23,1,0,262,444,824,303
28,1,1476,24,1,0,263,450,909,0
28,1,1476,25,1,0,266,487,1118,494
28,1,1476,26,1,0,267,479,792,0
28,1,1476,27,16,25,271,443,1191,309
28,1,1476,28,2,3,270,430,942,32
28,1,1476,29,2,2,273,451,1021,511
28,1,1476,30,1,0,273,470,778,130
28,1,1476,31,1,0,276,458,782,254
28,2,1200,1,1,0,277,503,548,0
28,2,1200,2,5,5,282,500,860,17
28,2,1200,3,3,5,288,498,719,0
28,2,1200,4,1,0,289,501,947,87
28,2,1200,5,7,7,297,502,938,125
28,2,1200,6,1,0,300,504,870,0
28,2,1200,7,2,3,302,470,789,0
28,2,1200,8,3,3,303,508,949,0
28,2,1200,9,6,6,309,509,928,252
28,2,1200,10,4,4,311,458,1369,366
28,2,1200,11,2,2,325,488,1240,256
28,2,1200,12,1,0,332,476,646,0
29,1,1412,1,1,0,225,481,723,84
29,1,1412,2,2,2,226,477,886,165
29,1,1412,3,3,3,230,464,1056,286
29,1,1412,4,2,3,231,483,794,298
29,1,1412,5,2,2,232,452,955,0
29,1,1412,6,3,3,232,487,1058,0
29,1,1412,7,2,3,234,462,1001,264
29,1,1412,8,4,6,236,447,1196,160
29,1,1412,9,2,2,235,451,754,0
29,1,1412,10,1,0,236,466,1124,491
29,1,1412,11,1,0,240,445,722,235
29,1,1412,12,6,6,243,446,1636,371
29,1,1412,13,9,16,246,438,960,125
29,1,1412,14,3,3,246,443,1093,244
29,1,1412,15,3,6,246,450,977,24
29,1,1412,16,1,0,248,434,758,394
29,1,1412,17,1,0,250,430,855,0
29,1,1412,18,20,28,252,436,1146,196
29,1,1412,19,2,2,258,430,927,367
29,1,1412,20,2,3,262,432,758,0
29,1,1412,21,2,2,262,435,827,191
29,1,1412,22,4,4,263,444,1041,169
29,1,1412,23,2,2,262,491,1115,122
29,1,1412,24,2,3,267,487,1115,146
29,1,1412,25,1,0,267,479,953,107
29,1,1412,26,1,0,268,443,1135,0
29,1,1412,27,1,0,270,429,1147,110
29,1,1412,28,15,16,272,443,1199,155
29,1,1412,29,5,8,273,450,1024,162
29,1,1412,30,1,0,277,431,1092,266
29,2,1147,1,4,5,283,499,856,88
29,2,1147,2,1,0,284,505,502,111
29,2,1147,3,2,2,289,502,654,99
29,2,1147,4,8,13,298,502,836,60
29,2,1147,5,1,0,300,504,735,0
29,2,1147,6,1,0,301,470,560,145
29,2,1147,7,4,4,304,509,758,33
29,2,1147,8,4,4,310,509,1093,25
29,2,1147,9,5,5,311,458,1129,348
29,2,1147,10,1,0,321,488,587,242
29,2,1147,11,3,3,324,488,858,28
29,2,1147,12,1,0,329,451,560,318
29,2,1147,13,1,0,331,478,540,88
30,1,1386,1,1,0,226,477,1031,10
30,1,1386,2,2,2,230,464,1164,363
30,1,1386,3,3,3,231,452,792,110
30,1,1386,4,1,0,231,483,1165,161
30,1,1386,5,6,8,235,448,993,91
30,1,1386,6,1,0,235,451,1121,0
30,1,1386,7,1,0,235,453,786,221
30,1,1386,8,3,3,236,459,871,366
30,1,1386,9,1,0,236,466,956,586
30,1,1386,10,5,5,243,445,1831,365
30,1,1386,11,8,15,246,438,1039,175
30,1,1386,12,5,6,246,450,943,97
30,1,1386,13,4,5,247,443,1185,160
30,1,1386,14,1,0,248,435,877,0
30,1,1386,15,2,2,250,430,995,138
30,1,1386,16,6,7,252,432,1223,127
30,1,1386,17,14,21,253,438,1091,168
30,1,1386,18,1,0,258,430,934,640
30,1,1386,19,1,0,262,431,798,0
30,1,1386,20,4,5,263,444,1289,296
30,1,1386,21,3,3,262,490,936,42
30,1,1386,22,2,2,265,441,831,182
30,1,1386,23,4,4,267,487,1067,282
30,1,1386,24,1,0,268,441,825,952
30,1,1386,25,17,21,272,442,1052,189
30,1,1386,26,1,0,271,429,904,265
30,1,1386,27,3,4,273,450,1095,420
30,1,1386,28,1,0,278,430,794,0
30,1,1386,29,1,0,278,436,870,365
30,2,1154,1,5,7,282,499,741,0
30,2,1154,2,1,0,288,497,662,0
30,2,1154,3,2,2,289,502,695,142
30,2,1154,4,6,8,298,502,842,164
30,2,1154,5,1,0,299,504,980,0
30,2,1154,6,5,5,303,508,651,72
30,2,1154,7,5,7,309,508,1032,145
30,2,1154,8,1,0,308,510,564,245
30,2,1154,9,4,4,312,458,1102,176
30,2,1154,10,1,0,318,499,530,0
30,2,1154,11,3,3,324,488,785,212
30,2,1154,12,1,0,330,479,692,6
30,2,1154,13,1,0,332,466,736,127
31,1,1402,1,4,5,230,464,1079,324
31,1,1402,2,2,2,232,452,801,342
31,1,1402,3,1,0,231,483,990,40
31,1,1402,4,1,0,233,489,728,0
31,1,1402,5,8,14,235,449,1001,52
31,1,1402,6,3,3,236,465,984,223
31,1,1402,7,2,2,239,457,957,169
31,1,1402,8,6,7,244,446,1477,305
31,1,1402,9,1,0,243,439,1069,236
31,1,1402,10,6,7,245,438,1129,7
31,1,1402,11,4,5,246,451,1027,118
31,1,1402,12,4,4,247,444,1131,448
31,1,1402,13,3,3,248,436,1192,0
31,1,1402,14,1,0,248,441,790,0
31,1,1402,15,5,5,251,433,1219,360
31,1,1402,16,3,3,252,436,1429,423
31,1,1402,17,1,0,251,439,843,253
31,1,1402,18,1,0,253,430,1090,0
31,1,1402,19,4,4,254,439,1214,190
31,1,1402,20,1,0,253,441,1322,270
31,1,1402,21,2,2,255,448,1104,404
31,1,1402,22,2,3,262,432,813,0
31,1,1402,23,2,2,261,491,784,2
31,1,1402,24,2,2,263,434,964,0
31,1,1402,25,2,2,263,444,1103,257
31,1,1402,26,1,0,265,442,1019,226
31,1,1402,27,2,2,267,486,1042,448
31,1,1402,28,18,26,271,442,1035,188
31,1,1402,29,1,0,270,429,1299,435
31,1,1402,30,1,0,271,433,847,210
31,1,1402,31,5,8,273,450,1213,205
31,1,1402,32,1,0,273,475,745,305
31,1,1402,33,1,0,275,446,1011,455
31,1,1402,34,1,0,275,486,744,300
31,1,1402,35,2,2,278,436,855,129
31,1,1402,36,1,0,294,429,991,187
31,2,1265,1,1,0,277,503,658,0
31,2,1265,2,6,7,283,499,1116,44
31,2,1265,3,1,0,288,497,628,0
31,2,1265,4,2,2,289,501,759,65
31,2,1265,5,8,10,297,502,903,0
31,2,1265,6,2,2,300,504,734,16
31,2,1265,7,2,3,303,509,690,0
31,2,1265,8,5,5,309,508,1035,109
31,2,1265,9,4,4,312,458,1108,231
31,2,1265,10,2,2,325,488,795,94
31,2,1265,11,2,2,332,467,930,151
31,2,1265,12,1,0,334,483,627,327
32,1,1349,1,1,0,225,482,677,108
32,1,1349,2,1,0,226,476,730,228
32,1,1349,3,5,5,229,464,898,75
32,1,1349,4,2,2,231,483,804,0
32,1,1349,5,3,3,231,452,738,0
32,1,1349,6,6,10,235,447,888,0
32,1,1349,7,1,0,235,451,1169,151
32,1,1349,8,2,2,236,466,870,238
32,1,1349,9,1,0,238,457,772,0
32,1,1349,10,1,0,241,449,680,149
32,1,1349,11,1,0,242,440,678,0
32,1,1349,12,6,6,243,446,1149,197
32,1,1349,13,2,2,245,437,965,126
32,1,1349,14,1,0,246,439,1376,97
32,1,1349,15,1,0,246,442,669,112
32,1,1349,16,2,2,248,436,785,285
32,1,1349,17,2,2,248,450,1069,116
32,1,1349,18,8,7,251,433,987,98
32,1,1349,19,13,17,252,439,1022,113
32,1,1349,20,2,2,253,430,817,102
32,1,1349,21,3,3,258,430,809,68
32,1,1349,22,1,0,260,432,897,95
32,1,1349,23,1,0,261,434,748,0
32,1,1349,24,2,2,261,491,775,22
32,1,1349,25,1,0,262,432,682,0
32,1,1349,26,3,3,262,444,1022,212
32,1,1349,27,1,0,263,435,813,201
32,1,1349,28,1,0,265,441,705,0
32,1,1349,29,8,12,267,486,924,144
32,1,1349,30,17,22,270,442,1037,144
32,1,1349,31,1,0,267,480,722,0
32,1,1349,32,1,0,270,429,1249,313
32,1,1349,33,2,2,271,450,1020,148
32,1,1349,34,1,0,273,451,1060,556
32,1,1349,35,1,0,276,436,896,0
32,1,1349,36,1,0,277,431,791,73
32,2,1153,1,4,5,282,499,838,0
32,2,1153,2,1,0,289,501,845,188
32,2,1153,3,1,0,290,496,576,241
32,2,1153,4,3,3,297,502,912,83
32,2,1153,5,1,0,299,509,547,144
32,2,1153,6,1,0,300,502,595,0
32,2,1153,7,2,2,301,505,599,0
32,2,1153,8,4,4,303,509,967,39
32,2,1153,9,5,5,309,509,838,110
32,2,1153,10,6,6,311,458,991,149
32,2,1153,11,1,0,318,504,531,348
32,2,1153,12,1,0,322,450,570,166
32,2,1153,13,2,2,325,489,828,0
32,2,1153,14,3,3,332,466,653,28
32,2,1153,15,1,0,332,463,596,229
33,1,1312,1,1,0,223,496,916,142
33,1,1312,2,3,3,230,464,1053,70
33,1,1312,3,2,2,231,483,847,174
33,1,1312,4,1,0,232,451,679,33
33,1,1312,5,3,3,235,448,867,0
33,1,1312,6,3,3,235,445,794,0
33,1,1312,7,1,0,235,451,1041,0
33,1,1312,8,1,0,236,464,694,232
33,1,1312,9,2,2,240,446,708,22
33,1,1312,10,10,9,244,445,1104,139
33,1,1312,11,2,2,243,440,836,78
33,1,1312,12,5,8,246,438,1013,0
33,1,1312,13,1,0,245,451,678,46
33,1,1312,14,1,0,247,441,827,202
33,1,1312,15,2,3,248,450,826,0
33,1,1312,16,1,0,249,436,739,0
33,1,1312,17,8,11,251,432,909,89
33,1,1312,18,5,8,252,441,837,42
33,1,1312,19,7,11,253,437,1033,132
33,1,1312,20,1,0,254,448,878,340
33,1,1312,21,2,3,259,430,815,60
33,1,1312,22,4,5,263,434,1015,65
33,1,1312,23,4,5,262,490,706,0
33,1,1312,24,2,2,263,445,908,316
33,1,1312,25,2,2,265,441,865,21
33,1,1312,26,5,6,268,441,893,424
33,1,1312,27,2,2,268,484,1027,163
33,1,1312,28,15,14,272,443,924,2
33,1,1312,29,1,0,271,449,1059,246
33,1,1312,30,3,3,273,450,980,124
33,1,1312,31,1,0,275,452,738,0
33,1,1312,32,2,2,277,436,894,133
33,1,1312,33,1,0,278,430,770,113
33,2,1125,1,5,5,283,498,875,13
33,2,1125,2,1,0,284,505,602,403
33,2,1125,3,2,2,285,507,549,34
33,2,1125,4,1,0,288,498,574,0
33,2,1125,5,1,0,288,507,505,244
33,2,1125,6,1,0,289,501,946,0
33,2,1125,7,6,7,298,502,930,66
33,2,1125,8,4,4,303,508,638,101
33,2,1125,9,2,2,308,510,812,57
33,2,1125,10,4,5,309,508,875,58
33,2,1125,11,3,3,311,458,1033,306
33,2,1125,12,1,0,318,506,505,349
33,2,1125,13,2,2,325,489,1024,0
33,2,1125,14,1,0,329,479,601,0
33,2,1125,15,3,3,332,466,738,207
34,1,1274,1,1,0,225,481,700,0
34,1,1274,2,1,0,226,476,652,288
34,1,1274,3,3,3,229,464,1070,116
34,1,1274,4,2,2,231,483,768,124
34,1,1274,5,1,0,232,451,869,0
34,1,1274,6,2,2,235,448,1025,74
34,1,1274,7,1,0,234,453,713,0
34,1,1274,8,4,5,236,446,813,0
34,1,1274,9,3,3,236,450,764,58
34,1,1274,10,1,0,236,466,710,265
34,1,1274,11,1,0,237,464,784,209
34,1,1274,12,1,0,240,460,811,47
34,1,1274,13,10,10,244,445,1156,274
34,1,1274,14,5,8,245,438,839,0
34,1,1274,15,1,0,245,452,845,196
34,1,1274,16,2,3,248,450,782,24
34,1,1274,17,1,0,249,434,739,331
34,1,1274,18,5,9,252,433,961,66
34,1,1274,19,2,2,253,436,1074,75
34,1,1274,20,2,2,253,441,707,19
34,1,1274,21,2,2,253,439,1242,197
34,1,1274,22,1,0,256,452,752,110
34,1,1274,23,2,2,258,430,717,23
34,1,1274,24,1,0,261,432,696,0
34,1,1274,25,2,3,263,436,778,271
34,1,1274,26,4,4,263,445,990,185
34,1,1274,27,1,0,262,450,867,134
34,1,1274,28,4,4,263,491,816,58
34,1,1274,29,24,31,270,442,917,82
34,1,1274,30,1,0,267,480,672,78
34,1,1274,31,2,2,271,429,746,299
34,1,1274,32,7,8,272,449,963,148
34,1,1274,33,2,2,276,436,860,101
34,1,1274,34,1,0,278,430,732,223
34,2,1130,1,5,5,282,499,755,0
34,2,1130,2,1,0,284,505,580,0
34,2,1130,3,3,3,289,498,685,53
34,2,1130,4,1,0,288,502,648,54
34,2,1130,5,1,0,296,499,631,0
34,2,1130,6,5,5,298,502,842,0
34,2,1130,7,1,0,300,504,535,0
34,2,1130,8,1,0,302,508,543,162
34,2,1130,9,1,0,305,507,557,339
34,2,1130,10,1,0,307,510,689,0
34,2,1130,11,5,6,311,458,844,122
34,2,1130,12,2,2,310,508,1213,0
34,2,1130,13,1,0,318,507,607,266
34,2,1130,14,1,0,319,450,531,89
34,2,1130,15,1,0,321,451,542,83
34,2,1130,16,2,2,325,489,996,127
34,2,1130,17,3,3,331,467,584,24
34,2,1130,18,1,0,331,490,566,282
35,1,1209,1,1,0,225,482,583,0
35,1,1209,2,2,2,230,464,1192,368
35,1,1209,3,1,0,231,482,824,0
35,1,1209,4,2,2,232,452,766,0
35,1,1209,5,1,0,233,490,599,0
35,1,1209,6,9,10,236,447,792,0
35,1,1209,7,1,0,236,452,620,0
35,1,1209,8,1,0,236,460,567,110
35,1,1209,9,1,0,236,464,737,266
35,1,1209,10,1,0,240,460,614,0
35,1,1209,11,6,7,243,445,1011,233
35,1,1209,12,2,2,245,437,851,0
35,1,1209,13,2,3,246,440,701,16
35,1,1209,14,1,0,246,451,836,378
35,1,1209,15,3,5,248,436,761,163
35,1,1209,16,2,3,248,441,703,487
35,1,1209,17,2,2,250,449,943,347
35,1,1209,18,4,5,251,433,1012,125
35,1,1209,19,1,0,250,440,627,48
35,1,1209,20,2,2,252,436,835,27
35,1,1209,21,5,7,252,440,931,0
35,1,1209,22,1,0,253,431,716,0
35,1,1209,23,2,3,257,434,574,167
35,1,1209,24,4,5,261,493,793,3
35,1,1209,25,1,0,261,432,737,0
35,1,1209,26,1,0,261,435,593,17
35,1,1209,27,2,2,263,445,1252,70
35,1,1209,28,2,3,263,451,686,92
35,1,1209,29,1,0,263,435,990,106
35,1,1209,30,23,31,270,442,955,150
35,1,1209,31,1,0,266,445,585,0
35,1,1209,32,1,0,268,482,699,153
35,1,1209,33,5,7,272,450,892,111
35,1,1209,34,2,2,272,429,718,0
35,1,1209,35,1,0,272,475,606,164
35,1,1209,36,2,2,275,486,757,0
35,1,1209,37,1,0,275,429,609,365
35,1,1209,38,2,2,277,436,814,0
35,1,1209,39,2,2,277,451,849,337
35,1,1209,40,1,0,278,430,732,146
35,1,1209,41,1,0,287,461,629,258
35,2,1109,1,7,8,281,500,785,14
35,2,1109,2,3,3,288,498,590,92
35,2,1109,3,1,0,288,502,735,31
35,2,1109,4,5,9,298,501,732,46
35,2,1109,5,1,0,299,505,574,0
35,2,1109,6,1,0,300,502,568,0
35,2,1109,7,2,2,304,508,550,229
35,2,1109,8,6,10,308,509,742,157
35,2,1109,9,4,5,311,458,828,25
35,2,1109,10,2,2,325,489,760,104
35,2,1109,11,1,0,330,448,598,0
35,2,1109,12,1,0,331,451,505,313
35,2,1109,13,2,2,332,467,574,0
35,2,1109,14,1,0,332,465,529,213
36,1,1215,1,1,0,227,471,619,0
36,1,1215,2,3,3,230,464,933,0
36,1,1215,3,5,5,232,452,632,0
36,1,1215,4,2,2,232,482,743,8
36,1,1215,5,1,0,233,491,623,210
36,1,1215,6,3,3,234,454,782,94
36,1,1215,7,10,14,236,447,831,57
36,1,1215,8,1,0,235,452,662,0
36,1,1215,9,1,0,236,467,592,217
36,1,1215,10,4,4,244,446,1244,88
36,1,1215,11,2,3,244,455,856,0
36,1,1215,12,2,2,245,437,856,0
36,1,1215,13,1,0,245,441,602,0
36,1,1215,14,1,0,246,439,696,0
36,1,1215,15,2,2,246,451,975,190
36,1,1215,16,1,0,247,437,780,112
36,1,1215,17,2,2,249,431,601,0
36,1,1215,18,1,0,249,437,890,122
36,1,1215,19,8,12,252,432,842,79
36,1,1215,20,2,3,251,449,879,38
36,1,1215,21,4,4,252,442,705,63
36,1,1215,22,2,2,253,439,969,262
36,1,1215,23,3,3,260,492,682,67
36,1,1215,24,2,2,262,433,971,265
36,1,1215,25,3,3,263,446,931,268
36,1,1215,26,1,0,263,435,608,238
36,1,1215,27,4,5,264,451,833,110
36,1,1215,28,6,8,267,441,973,255
36,1,1215,29,1,0,267,480,674,0
36,1,1215,30,15,20,271,444,911,176
36,1,1215,31,4,4,272,431,889,86
36,1,1215,32,2,2,273,451,1142,166
36,1,1215,33,1,0,274,447,598,46
36,1,1215,34,1,0,275,453,592,0
36,1,1215,35,2,2,275,487,665,318
36,1,1215,36,2,3,278,437,841,78
36,1,1215,37,1,0,278,430,727,127
36,2,1122,1,1,0,277,504,523,226
36,2,1122,2,4,5,282,499,715,38
36,2,1122,3,1,0,288,502,765,366
36,2,1122,4,1,0,292,496,678,466
36,2,1122,5,2,2,297,499,647,0
36,2,1122,6,5,5,298,502,817,0
36,2,1122,7,2,2,304,507,828,255
36,2,1122,8,1,0,305,501,566,110
36,2,1122,9,2,3,309,510,736,50
36,2,1122,10,5,6,311,458,817,148
36,2,1122,11,1,0,320,489,536,276
36,2,1122,12,2,2,325,489,1006,180
36,2,1122,13,1,0,330,453,579,319
36,2,1122,14,1,0,330,479,529,0
36,2,1122,15,1,0,331,469,747,168
36,2,1122,16,1,0,332,449,528,345
36,2,1122,17,1,0,332,465,786,291
36,2,1122,18,1,0,332,467,757,481
36,2,1122,19,1,0,334,455,526,170
36,2,1122,20,1,0,335,460,549,238
36,2,1122,21,1,0,337,453,522,28
37,1,1174,1,1,0,223,496,645,101
37,1,1174,2,3,3,230,465,877,101
37,1,1174,3,1,0,232,452,633,0
37,1,1174,4,1,0,232,483,594,273
37,1,1174,5,1,0,232,490,567,0
37,1,1174,6,2,2,234,455,756,121
37,1,1174,7,8,11,236,447,834,9
37,1,1174,8,2,2,236,454,832,0
37,1,1174,9,1,0,236,467,702,102
37,1,1174,10,1,0,240,460,557,397
37,1,1174,11,1,0,241,449,579,185
37,1,1174,12,1,0,242,455,635,122
37,1,1174,13,4,5,244,446,948,56
37,1,1174,14,2,2,245,437,897,69
37,1,1174,15,1,0,245,440,682,29
37,1,1174,16,1,0,245,442,723,30
37,1,1174,17,2,2,246,451,869,184
37,1,1174,18,1,0,247,435,613,464
37,1,1174,19,1,0,247,437,576,17
37,1,1174,20,1,0,249,431,804,104
37,1,1174,21,2,2,251,433,1020,0
37,1,1174,22,2,3,251,449,769,0
37,1,1174,23,1,0,251,436,770,147
37,1,1174,24,1,0,252,429,828,200
37,1,1174,25,2,2,253,439,1258,245
37,1,1174,26,4,4,253,442,680,0
37,1,1174,27,1,0,253,435,633,473
37,1,1174,28,1,0,254,497,591,0
37,1,1174,29,4,5,256,433,671,230
37,1,1174,30,2,2,258,493,796,0
37,1,1174,31,2,3,262,433,644,89
37,1,1174,32,3,5,262,451,908,285
37,1,1174,33,3,3,262,435,684,3
37,1,1174,34,4,4,263,446,849,121
37,1,1174,35,1,0,264,442,637,133
37,1,1174,36,1,0,264,494,745,401
37,1,1174,37,9,10,267,442,770,15
37,1,1174,38,1,0,267,480,618,55
37,1,1174,39,1,0,269,430,540,19
37,1,1174,40,12,19,271,445,871,190
37,1,1174,41,4,5,272,451,833,86
37,1,1174,42,4,5,273,428,746,10
37,1,1174,43,3,3,275,487,625,178
37,1,1174,44,1,0,276,453,565,0
37,1,1174,45,1,0,277,437,893,193
37,1,1174,46,1,0,279,455,693,460
37,2,1101,1,6,6,282,499,661,64
37,2,1101,2,3,3,283,505,680,133
37,2,1101,3,2,2,290,498,587,0
37,2,1101,4,1,0,296,500,554,57
37,2,1101,5,3,3,298,502,789,0
37,2,1101,6,1,0,300,505,538,0
37,2,1101,7,3,4,304,507,754,210
37,2,1101,8,2,2,305,510,553,0
37,2,1101,9,2,2,310,510,720,3
37,2,1101,10,4,4,311,459,747,175
37,2,1101,11,1,0,318,452,507,298
37,2,1101,12,1,0,320,489,557,115
37,2,1101,13,1,0,325,489,787,0
37,2,1101,14,1,0,329,449,547,225
37,2,1101,15,2,2,330,480,572,0
37,2,1101,16,1,0,331,468,566,24
37,2,1101,17,1,0,332,466,811,186
37,2,1101,18,1,0,335,455,519,215
37,2,1101,19,1,0,338,449,539,163
